BUSINESS_TYPE_ID,BUSINESS_TYPE_DESC,FUEL_DISTRIBUTION_COMPANY_ID,FUEL_DISTRIBUTION_COMPANY_DESC,LPG_DISTRIBUTION_COMPANY_ID,LPG_DISTRIBUTION_COMPANY_DESC,FACILITY_TYPE_ID,FACILITY_TYPE_DESC,COUNTY_UAVT_CODE,COUNTY_NAME,NEIGHBORHOOD_UAVT_CODE,NEIGHBORHOOD_NAME,LATITUDE,LONGTITUDE
1,Akaryakıt,12,Petrol Ofisi,-99,Bilinmiyor,1,Aktif,1782,BÜYÜKÇEKMECE,40887,MİMAR SİNAN,41.01261672,28.54140741
1,Akaryakıt,13,Shell-Turcas Petrol,-99,Bilinmiyor,1,Aktif,2048,ARNAVUTKÖY,40912,HASTANE,41.15816138,28.61356557
2,Akaryakıt Lpg,10,Opet,10,Aygaz,1,Aktif,1622,SİLİVRİ,40941,BÜYÜK ÇAVUŞLU,41.24933896,28.03778348
1,Akaryakıt,10,Opet,-99,Bilinmiyor,1,Aktif,1421,KADIKÖY,40513,ZÜHTÜPAŞA,40.98389906,29.04009447
2,Akaryakıt Lpg,12,Petrol Ofisi,47,Pogaz,1,Aktif,2053,ESENYURT,40858,SAADETDERE,41.00057571,28.69146283
2,Akaryakıt Lpg,10,Opet,33,Opet,1,Aktif,1835,PENDİK,40653,YENİŞEHİR,40.93530869,29.32867668
1,Akaryakıt,27,Türkiye Petrol,51,Türkiye Petrol,1,Aktif,1823,KÜÇÜKÇEKMECE,40605,İSTASYON,41.01450221,28.76814579
2,Akaryakıt Lpg,-99,Bilinmiyor,-99,Bilinmiyor,1,Aktif,2051,BEYLİKDÜZÜ,40873,KAVAKLI,40.98940391,28.65694297
2,Akaryakıt Lpg,25,Starpet,-99,Bilinmiyor,1,Aktif,1708,ÜSKÜDAR,40819,SELAMİ ALİ,41.02753436,29.02624217
1,Akaryakıt,15,Total,42,Totalgaz,1,Aktif,2051,BEYLİKDÜZÜ,40894,YAKUPLU,40.98987317,28.6684008
1,Akaryakıt,10,Opet,-99,Bilinmiyor,1,Aktif,1835,PENDİK,40628,BAHÇELİEVLER,40.89141356,29.23323457
1,Akaryakıt,13,Shell-Turcas Petrol,-99,Bilinmiyor,1,Aktif,1185,BEYKOZ,40237,GÜMÜŞSUYU,41.13060422,29.09358583
2,Akaryakıt Lpg,5,BP,14,Bp Gaz,1,Aktif,1325,EYÜPSULTAN,40376,TOPÇULAR,41.04165762,28.91991842
2,Akaryakıt Lpg,15,Total,42,Totalgaz,1,Aktif,1421,KADIKÖY,40509,ACIBADEM,41.00306655,29.03626706
1,Akaryakıt,13,Shell-Turcas Petrol,-99,Bilinmiyor,1,Aktif,2052,ÇEKMEKÖY,40757,MİMAR SİNAN,41.03232541,29.17362107
2,Akaryakıt Lpg,9,LukOil,26,Luk Oil,1,Aktif,1739,ZEYTİNBURNU,40505,TOZKOPARAN,41.02096585,28.90659425
1,Akaryakıt,15,Total,-99,Bilinmiyor,1,Aktif,1622,SİLİVRİ,40923,MİMAR SİNAN,41.0800035,28.20899049
2,Akaryakıt Lpg,12,Petrol Ofisi,47,Pogaz,1,Aktif,1835,PENDİK,40631,KAYNARCA,40.86945447,29.26901487
2,Akaryakıt Lpg,13,Shell-Turcas Petrol,39,Shell Gaz,1,Aktif,2053,ESENYURT,40881,ATATÜRK,41.01967015,28.63169775
2,Akaryakıt Lpg,15,Total,42,Totalgaz,1,Aktif,1852,ÜMRANİYE,40737,İNKILAP,41.03100559,29.10747116
2,Akaryakıt Lpg,12,Petrol Ofisi,47,Pogaz,1,Aktif,1835,PENDİK,40630,ŞEYHLİ,40.90436916,29.27867645
1,Akaryakıt,13,Shell-Turcas Petrol,-99,Bilinmiyor,1,Aktif,1183,BEŞİKTAŞ,40222,GAYRETTEPE,41.06142149,29.01104994
2,Akaryakıt Lpg,5,BP,14,Bp Gaz,1,Aktif,1421,KADIKÖY,40525,SAHRAYICEDİT,40.98152792,29.08135026
2,Akaryakıt Lpg,-99,Bilinmiyor,-99,Bilinmiyor,1,Aktif,1823,KÜÇÜKÇEKMECE,40582,ATAKENT,41.03474573,28.76686786
2,Akaryakıt Lpg,12,Petrol Ofisi,47,Pogaz,1,Aktif,1186,BEYOĞLU,40264,KAPTANPAŞA,41.04161852,28.96642489
2,Akaryakıt Lpg,15,Total,42,Totalgaz,1,Aktif,2055,SULTANGAZİ,40474,CEBECİ,41.11363622,28.85721776
2,Akaryakıt Lpg,12,Petrol Ofisi,47,Pogaz,1,Aktif,1708,ÜSKÜDAR,40809,KISIKLI,41.0225188,29.07526394
1,Akaryakıt,12,Petrol Ofisi,-99,Bilinmiyor,1,Aktif,1449,KARTAL,40571,YALI,40.8967308,29.22263569
1,Akaryakıt,15,Total,42,Totalgaz,1,Aktif,2051,BEYLİKDÜZÜ,40893,MARMARA,40.98186429,28.68256861
2,Akaryakıt Lpg,13,Shell-Turcas Petrol,39,Shell Gaz,1,Aktif,2004,BAĞCILAR,40170,MAHMUTBEY,41.05997752,28.83135469
2,Akaryakıt Lpg,5,BP,14,Bp Gaz,1,Aktif,1663,ŞİŞLİ,40685,19 MAYIS,41.05681212,28.99637357
2,Akaryakıt Lpg,12,Petrol Ofisi,22,Habaş,1,Aktif,2014,SULTANBEYLİ,40948,HASANPAŞA,40.97177557,29.24849597
1,Akaryakıt,5,BP,-99,Bilinmiyor,1,Aktif,1183,BEŞİKTAŞ,40230,NİSBETİYE,41.07384915,29.01594593
2,Akaryakıt Lpg,5,BP,14,Bp Gaz,1,Aktif,2004,BAĞCILAR,40155,BAĞLAR,41.02608257,28.81410163
2,Akaryakıt Lpg,2,Alpet,6,Alpet,1,Aktif,1325,EYÜPSULTAN,40483,BOĞAZKÖY İSTİKLAL,41.13673143,28.81707269
1,Akaryakıt,15,Total,-99,Bilinmiyor,1,Aktif,2051,BEYLİKDÜZÜ,40894,YAKUPLU,41.00426897,28.68413878
2,Akaryakıt Lpg,15,Total,42,Totalgaz,1,Aktif,1325,EYÜPSULTAN,40368,KARADOLAP,41.06937155,28.93316692
2,Akaryakıt Lpg,27,Türkiye Petrol,51,Türkiye Petrol,1,Aktif,2048,ARNAVUTKÖY,40479,İSLAMBEY,41.18944311,28.74268625
2,Akaryakıt Lpg,10,Opet,-99,Bilinmiyor,1,Aktif,1852,ÜMRANİYE,98688,CEMİL MERİÇ,41.0163878,29.14598187
1,Akaryakıt,5,BP,-99,Bilinmiyor,1,Aktif,1835,PENDİK,40628,BAHÇELİEVLER,40.88487599,29.23556676
2,Akaryakıt Lpg,12,Petrol Ofisi,47,Pogaz,1,Aktif,1622,SİLİVRİ,40938,ORTAKÖY,41.08342301,28.37078083
2,Akaryakıt Lpg,5,BP,14,Bp Gaz,1,Aktif,2053,ESENYURT,40866,YEŞİLKENT,41.02523913,28.65928705
2,Akaryakıt Lpg,9,LukOil,26,Luk Oil,1,Aktif,1336,GAZİOSMANPAŞA,40455,MERKEZ,41.05809494,28.90624368
2,Akaryakıt Lpg,13,Shell-Turcas Petrol,39,Shell Gaz,1,Aktif,1782,BÜYÜKÇEKMECE,40887,MİMAR SİNAN,41.0079701,28.53766986
2,Akaryakıt Lpg,5,BP,14,Bp Gaz,1,Aktif,1823,KÜÇÜKÇEKMECE,40590,HALKALI MERKEZ,41.02941408,28.79570732
2,Akaryakıt Lpg,5,BP,14,Bp Gaz,1,Aktif,2015,TUZLA,40726,TEPEÖREN,40.93586163,29.3611637
1,Akaryakıt,13,Shell-Turcas Petrol,-99,Bilinmiyor,1,Aktif,1810,KAĞITHANE,40551,TELSİZLER,41.0751913,28.99990174
1,Akaryakıt,5,BP,-99,Bilinmiyor,1,Aktif,1659,ŞİLE,191861,AHMETLİ,41.16117111,29.59034112
1,Akaryakıt,-99,Bilinmiyor,-99,Bilinmiyor,1,Aktif,1835,PENDİK,40629,FEVZİ ÇAKMAK,40.89092212,29.26322309
1,Akaryakıt,13,Shell-Turcas Petrol,-99,Bilinmiyor,1,Aktif,2049,ATAŞEHİR,40530,İÇERENKÖY,40.96706594,29.10422482
1,Akaryakıt,3,Aytemiz,-99,Bilinmiyor,1,Aktif,2016,ESENLER,40354,HAVAALANI,41.05465828,28.86387982
2,Akaryakıt Lpg,13,Shell-Turcas Petrol,39,Shell Gaz,1,Aktif,2048,ARNAVUTKÖY,40912,HASTANE,41.15255923,28.61693973
2,Akaryakıt Lpg,15,Total,42,Totalgaz,1,Aktif,2005,BAHÇELİEVLER,40183,YENİBOSNA MERKEZ,41.01178545,28.81783783
2,Akaryakıt Lpg,13,Shell-Turcas Petrol,39,Shell Gaz,1,Aktif,1835,PENDİK,40641,YAYALAR,40.89918877,29.2686647
1,Akaryakıt,12,Petrol Ofisi,-99,Bilinmiyor,1,Aktif,1782,BÜYÜKÇEKMECE,40848,FATİH,41.02184205,28.58403678
2,Akaryakıt Lpg,10,Opet,10,Aygaz,1,Aktif,2016,ESENLER,40345,FEVZİ ÇAKMAK,41.04909299,28.87684213
2,Akaryakıt Lpg,13,Shell-Turcas Petrol,39,Shell Gaz,1,Aktif,2010,GÜNGÖREN,40501,HAZNEDAR,41.00691653,28.87140247
2,Akaryakıt Lpg,13,Shell-Turcas Petrol,39,Shell Gaz,1,Aktif,1823,KÜÇÜKÇEKMECE,40590,HALKALI MERKEZ,41.02885255,28.79068333
2,Akaryakıt Lpg,15,Total,42,Totalgaz,1,Aktif,1810,KAĞITHANE,40547,SULTAN SELİM,41.09433608,28.99299325
2,Akaryakıt Lpg,10,Opet,10,Aygaz,1,Aktif,2048,ARNAVUTKÖY,40480,YAVUZ SELİM,41.20513127,28.72826561
2,Akaryakıt Lpg,13,Shell-Turcas Petrol,39,Shell Gaz,1,Aktif,2050,BAŞAKŞEHİR,40357,BAŞAK,41.0845534,28.8106902
1,Akaryakıt,12,Petrol Ofisi,-99,Bilinmiyor,1,Aktif,2012,MALTEPE,40612,ALTAYÇEŞME,40.92783851,29.13306917
1,Akaryakıt,13,Shell-Turcas Petrol,-99,Bilinmiyor,1,Aktif,2051,BEYLİKDÜZÜ,40867,GÜRPINAR,40.9959898,28.60619924
2,Akaryakıt Lpg,13,Shell-Turcas Petrol,39,Shell Gaz,1,Aktif,1782,BÜYÜKÇEKMECE,40890,ULUS,41.0259119,28.55657737
1,Akaryakıt,5,BP,-99,Bilinmiyor,1,Aktif,2054,SANCAKTEPE,40576,FATİH,40.96950037,29.22021668
1,Akaryakıt,12,Petrol Ofisi,-99,Bilinmiyor,1,Aktif,1421,KADIKÖY,40514,FENERBAHÇE,40.97485903,29.05216014
2,Akaryakıt Lpg,12,Petrol Ofisi,47,Pogaz,1,Aktif,1782,BÜYÜKÇEKMECE,40929,KAMİLOBA,41.04027366,28.42850663
2,Akaryakıt Lpg,11,Pet-Line,29,Mogaz,1,Aktif,1336,GAZİOSMANPAŞA,40463,KARAYOLLARI,41.08698267,28.88928688
2,Akaryakıt Lpg,5,BP,14,Bp Gaz,1,Aktif,1886,BAYRAMPAŞA,40203,CEVATPAŞA,41.07299288,28.88672428
2,Akaryakıt Lpg,27,Türkiye Petrol,51,Türkiye Petrol,1,Aktif,2014,SULTANBEYLİ,40947,TURGUT REİS,40.96388354,29.28443917
2,Akaryakıt Lpg,5,BP,14,Bp Gaz,1,Aktif,2010,GÜNGÖREN,40504,ABDURRAHMAN NAFİZ GÜRMAN,41.00477714,28.89232007
1,Akaryakıt,13,Shell-Turcas Petrol,-99,Bilinmiyor,1,Aktif,1622,SİLİVRİ,40922,CUMHURİYET,41.07046999,28.27883598
2,Akaryakıt Lpg,15,Total,42,Totalgaz,1,Aktif,1185,BEYKOZ,40246,GÖZTEPE,41.08110132,29.07702496
2,Akaryakıt Lpg,13,Shell-Turcas Petrol,39,Shell Gaz,1,Aktif,2016,ESENLER,40348,BİRLİK,41.05385238,28.86634702
2,Akaryakıt Lpg,15,Total,42,Totalgaz,1,Aktif,1622,SİLİVRİ,40940,SELİMPAŞA,41.05631325,28.36998004
1,Akaryakıt,13,Shell-Turcas Petrol,-99,Bilinmiyor,1,Aktif,1852,ÜMRANİYE,40739,İSTİKLAL,41.02477377,29.1002775
1,Akaryakıt,12,Petrol Ofisi,-99,Bilinmiyor,1,Aktif,1739,ZEYTİNBURNU,40505,TOZKOPARAN,41.01918556,28.91783023
2,Akaryakıt Lpg,13,Shell-Turcas Petrol,39,Shell Gaz,1,Aktif,2055,SULTANGAZİ,40465,CUMHURİYET,41.09130079,28.88428792
2,Akaryakıt Lpg,13,Shell-Turcas Petrol,39,Shell Gaz,1,Aktif,1886,BAYRAMPAŞA,40206,TERAZİDERE,41.02806636,28.90068303
1,Akaryakıt,5,BP,-99,Bilinmiyor,1,Aktif,2048,ARNAVUTKÖY,40478,ARNAVUTKÖY MERKEZ,41.18601276,28.73928928
2,Akaryakıt Lpg,12,Petrol Ofisi,47,Pogaz,1,Aktif,2005,BAHÇELİEVLER,40177,BAHÇELİEVLER,41.00227299,28.88296925
1,Akaryakıt,12,Petrol Ofisi,-99,Bilinmiyor,1,Aktif,2012,MALTEPE,40611,KÜÇÜKYALI MERKEZ,40.94801038,29.10653007
1,Akaryakıt,10,Opet,-99,Bilinmiyor,1,Aktif,1886,BAYRAMPAŞA,40210,YILDIRIM,41.07009753,28.89254169
2,Akaryakıt Lpg,13,Shell-Turcas Petrol,39,Shell Gaz,1,Aktif,2052,ÇEKMEKÖY,40756,MERKEZ,41.0370441,29.1556768
2,Akaryakıt Lpg,15,Total,42,Totalgaz,1,Aktif,2048,ARNAVUTKÖY,40483,BOĞAZKÖY İSTİKLAL,41.15285325,28.78756392
2,Akaryakıt Lpg,13,Shell-Turcas Petrol,39,Shell Gaz,1,Aktif,2016,ESENLER,40352,KEMER,41.05482568,28.87583121
2,Akaryakıt Lpg,2,Alpet,25,İpragaz,1,Aktif,2014,SULTANBEYLİ,40955,ORHANGAZİ,40.94061661,29.28526576
2,Akaryakıt Lpg,13,Shell-Turcas Petrol,39,Shell Gaz,1,Aktif,1421,KADIKÖY,40508,KOŞUYOLU,41.00436516,29.03031176
2,Akaryakıt Lpg,9,LukOil,3,Akpet Gaz,1,Aktif,1782,BÜYÜKÇEKMECE,40887,MİMAR SİNAN,41.01398501,28.54734886
1,Akaryakıt,12,Petrol Ofisi,-99,Bilinmiyor,1,Aktif,1166,BAKIRKÖY,40193,ZEYTİNLİK,40.9743736,28.8743595
1,Akaryakıt,12,Petrol Ofisi,-99,Bilinmiyor,1,Aktif,2055,SULTANGAZİ,40472,SULTANÇİFTLİĞİ,41.09489084,28.86334675
2,Akaryakıt Lpg,15,Total,48,Exen Gaz,1,Aktif,1237,ÇATALCA,191815,SUBAŞI,41.22299745,28.45500613
2,Akaryakıt Lpg,2,Alpet,48,Exen Gaz,1,Aktif,2053,ESENYURT,181500,ZAFER,41.01207548,28.68179064
1,Akaryakıt,10,Opet,-99,Bilinmiyor,1,Aktif,1183,BEŞİKTAŞ,40221,DİKİLİTAŞ,41.05508747,28.99931091
2,Akaryakıt Lpg,5,BP,14,Bp Gaz,1,Aktif,2055,SULTANGAZİ,40466,YUNUS EMRE,41.0951491,28.89592117
1,Akaryakıt,12,Petrol Ofisi,47,Pogaz,1,Aktif,1835,PENDİK,40631,KAYNARCA,40.87516932,29.2543109
,Bilinmiyor,12,Petrol Ofisi,47,Pogaz,1,Aktif,1708,ÜSKÜDAR,40785,BAHÇELİEVLER,41.04925741,29.07687186
1,Akaryakıt,5,BP,-99,Bilinmiyor,1,Aktif,1186,BEYOĞLU,40268,KÜÇÜK PİYALE,41.0381445,28.96805901
2,Akaryakıt Lpg,27,Türkiye Petrol,51,Türkiye Petrol,1,Aktif,1336,GAZİOSMANPAŞA,40456,ŞEMSİPAŞA,41.06827877,28.90753223
2,Akaryakıt Lpg,10,Opet,10,Aygaz,1,Aktif,1325,EYÜPSULTAN,40376,TOPÇULAR,41.04519721,28.91682936
1,Akaryakıt,13,Shell-Turcas Petrol,-99,Bilinmiyor,1,Aktif,1183,BEŞİKTAŞ,40235,LEVENT,41.08772462,29.01774089
1,Akaryakıt,5,BP,-99,Bilinmiyor,1,Aktif,1449,KARTAL,40563,KORDONBOYU,40.88755051,29.19164291
2,Akaryakıt Lpg,9,LukOil,26,Luk Oil,1,Aktif,1835,PENDİK,40634,GÜZELYALI,40.85619462,29.28717171
2,Akaryakıt Lpg,13,Shell-Turcas Petrol,39,Shell Gaz,1,Aktif,1810,KAĞITHANE,40543,MERKEZ,41.08562417,28.96854454
1,Akaryakıt,12,Petrol Ofisi,-99,Bilinmiyor,1,Aktif,1166,BAKIRKÖY,40197,KARTALTEPE,40.98804233,28.8841313
2,Akaryakıt Lpg,13,Shell-Turcas Petrol,39,Shell Gaz,1,Aktif,2014,SULTANBEYLİ,40948,HASANPAŞA,40.9719573,29.24918089
2,Akaryakıt Lpg,-99,Bilinmiyor,-99,Bilinmiyor,1,Aktif,2054,SANCAKTEPE,40772,YUNUS EMRE,41.01543014,29.24371389
1,Akaryakıt,13,Shell-Turcas Petrol,-99,Bilinmiyor,1,Aktif,2049,ATAŞEHİR,99749,ATATÜRK,40.98520369,29.10719444
1,Akaryakıt,12,Petrol Ofisi,-99,Bilinmiyor,1,Aktif,1622,SİLİVRİ,40940,SELİMPAŞA,41.0499225,28.39087994
2,Akaryakıt Lpg,13,Shell-Turcas Petrol,39,Shell Gaz,1,Aktif,1336,GAZİOSMANPAŞA,40464,KARADENİZ,41.07614846,28.88070665
1,Akaryakıt,13,Shell-Turcas Petrol,-99,Bilinmiyor,1,Aktif,2049,ATAŞEHİR,40531,KÜÇÜKBAKKALKÖY,40.97831858,29.12361155
1,Akaryakıt,10,Opet,-99,Bilinmiyor,1,Aktif,1421,KADIKÖY,40515,FENERYOLU,40.98428999,29.05691032
1,Akaryakıt,12,Petrol Ofisi,-99,Bilinmiyor,1,Aktif,1604,SARIYER,40668,KİREÇBURNU,41.15146045,29.04263104
1,Akaryakıt,10,Opet,-99,Bilinmiyor,1,Aktif,2049,ATAŞEHİR,99519,MİMAR SİNAN,40.98385675,29.1658297
2,Akaryakıt Lpg,13,Shell-Turcas Petrol,39,Shell Gaz,1,Aktif,2054,SANCAKTEPE,40771,SAFA,41.0137312,29.24597297
1,Akaryakıt,23,Moil,-99,Bilinmiyor,1,Aktif,1166,BAKIRKÖY,40193,ZEYTİNLİK,40.97239108,28.87823811
2,Akaryakıt Lpg,12,Petrol Ofisi,47,Pogaz,1,Aktif,2053,ESENYURT,181488,BARBAROS HAYRETTİN PAŞA,41.01779013,28.64613628
1,Akaryakıt,15,Total,-99,Bilinmiyor,1,Aktif,1708,ÜSKÜDAR,98666,ÇENGELKÖY,41.05127969,29.06445839
2,Akaryakıt Lpg,15,Total,42,Totalgaz,1,Aktif,1708,ÜSKÜDAR,40809,KISIKLI,41.02386574,29.08152877
2,Akaryakıt Lpg,22,KadOil,10,Aygaz,1,Aktif,2004,BAĞCILAR,40155,BAĞLAR,41.03131234,28.82300003
1,Akaryakıt,-99,Bilinmiyor,-99,Bilinmiyor,1,Aktif,2015,TUZLA,40720,AYDINLI,40.8662894,29.334885
2,Akaryakıt Lpg,15,Total,42,Totalgaz,1,Aktif,1622,SİLİVRİ,40923,MİMAR SİNAN,41.08089449,28.20540691
2,Akaryakıt Lpg,13,Shell-Turcas Petrol,38,Shell-Turcas Petrol,1,Aktif,1186,BEYOĞLU,40289,SURURİ MEHMET EFENDİ,41.03845927,28.97348141
1,Akaryakıt,13,Shell-Turcas Petrol,-99,Bilinmiyor,1,Aktif,1622,SİLİVRİ,40923,MİMAR SİNAN,41.08141999,28.22079936
1,Akaryakıt,13,Shell-Turcas Petrol,-99,Bilinmiyor,1,Aktif,2015,TUZLA,40732,MESCİT,40.88118159,29.34513705
1,Akaryakıt,3,Aytemiz,-99,Bilinmiyor,1,Aktif,1810,KAĞITHANE,40539,GÜRSEL,41.07514309,28.9696002
2,Akaryakıt Lpg,10,Opet,-99,Bilinmiyor,1,Aktif,1421,KADIKÖY,40529,KOZYATAĞI,40.97045161,29.10110514
2,Akaryakıt Lpg,3,Aytemiz,11,Aytemiz,1,Aktif,1835,PENDİK,40642,VELİBABA,40.89866138,29.25959823
2,Akaryakıt Lpg,10,Opet,10,Aygaz,1,Aktif,1782,BÜYÜKÇEKMECE,40868,PINARTEPE,40.99781132,28.60520225
2,Akaryakıt Lpg,2,Alpet,48,Exen Gaz,1,Aktif,1186,BEYOĞLU,40297,KEMANKEŞ KARAMUSTAFAPAŞA,41.02601545,28.97975053
1,Akaryakıt,13,Shell-Turcas Petrol,-99,Bilinmiyor,1,Aktif,1336,GAZİOSMANPAŞA,40456,ŞEMSİPAŞA,41.07000505,28.90675266
2,Akaryakıt Lpg,15,Total,42,Totalgaz,1,Aktif,2012,MALTEPE,40616,YALI,40.91444451,29.14083401
2,Akaryakıt Lpg,22,KadOil,13,Bizim Gaz,1,Aktif,1336,GAZİOSMANPAŞA,40460,YENİ MAHALLE,41.0820832,28.89300155
2,Akaryakıt Lpg,13,Shell-Turcas Petrol,39,Shell Gaz,1,Aktif,1782,BÜYÜKÇEKMECE,40844,ALKENT 2000,41.07923068,28.62487209
2,Akaryakıt Lpg,10,Opet,10,Aygaz,1,Aktif,1823,KÜÇÜKÇEKMECE,40595,SULTAN MURAT,41.00259596,28.78740856
1,Akaryakıt,13,Shell-Turcas Petrol,-99,Bilinmiyor,1,Aktif,1622,SİLİVRİ,40933,FEVZİPAŞA,41.09568787,27.99974117
1,Akaryakıt,13,Shell-Turcas Petrol,-99,Bilinmiyor,1,Aktif,1622,SİLİVRİ,40930,BALABAN,41.06038321,28.08431524
2,Akaryakıt Lpg,13,Shell-Turcas Petrol,-99,Bilinmiyor,1,Aktif,1166,BAKIRKÖY,40199,ŞENLİKKÖY,40.98799075,28.79598148
2,Akaryakıt Lpg,3,Aytemiz,11,Aytemiz,1,Aktif,2052,ÇEKMEKÖY,191997,REŞADİYE,41.07875581,29.25029521
1,Akaryakıt,3,Aytemiz,-99,Bilinmiyor,1,Aktif,2052,ÇEKMEKÖY,191995,KOÇULLU,41.08178999,29.34045862
2,Akaryakıt Lpg,10,Opet,29,Mogaz,1,Aktif,2014,SULTANBEYLİ,40948,HASANPAŞA,40.96817004,29.25312263
2,Akaryakıt Lpg,10,Opet,10,Aygaz,1,Aktif,2048,ARNAVUTKÖY,40906,ÖMERLİ,41.09169625,28.63411926
2,Akaryakıt Lpg,12,Petrol Ofisi,47,Pogaz,1,Aktif,2012,MALTEPE,40617,AYDINEVLER,40.94585412,29.12744229
2,Akaryakıt Lpg,5,BP,-99,Bilinmiyor,1,Aktif,1852,ÜMRANİYE,40748,ATAKENT,41.022159,29.11268323
1,Akaryakıt,13,Shell-Turcas Petrol,-99,Bilinmiyor,1,Aktif,1823,KÜÇÜKÇEKMECE,40590,HALKALI MERKEZ,41.04331261,28.80304559
2,Akaryakıt Lpg,12,Petrol Ofisi,47,Pogaz,1,Aktif,2054,SANCAKTEPE,40762,MECLİS,41.00860922,29.20170178
2,Akaryakıt Lpg,10,Opet,29,Mogaz,1,Aktif,1336,GAZİOSMANPAŞA,40459,BARBAROS HAYRETTİN PAŞA,41.08089939,28.89335859
1,Akaryakıt,5,BP,-99,Bilinmiyor,1,Aktif,2012,MALTEPE,40614,CEVİZLİ,40.91730439,29.1436794
2,Akaryakıt Lpg,10,Opet,10,Aygaz,1,Aktif,2004,BAĞCILAR,40175,GÖZTEPE,41.05668763,28.83049742
2,Akaryakıt Lpg,13,Shell-Turcas Petrol,39,Shell Gaz,1,Aktif,1782,BÜYÜKÇEKMECE,40929,KAMİLOBA,41.03538576,28.44583136
2,Akaryakıt Lpg,5,BP,14,Bp Gaz,1,Aktif,2004,BAĞCILAR,40155,BAĞLAR,41.02468823,28.8285146
1,Akaryakıt,15,Total,-99,Bilinmiyor,1,Aktif,1708,ÜSKÜDAR,40808,KİRAZLITEPE,41.03650507,29.06536996
1,Akaryakıt,15,Total,-99,Bilinmiyor,1,Aktif,1852,ÜMRANİYE,98688,CEMİL MERİÇ,41.01604178,29.15031837
2,Akaryakıt Lpg,2,Alpet,6,Alpet,1,Aktif,2053,ESENYURT,40851,FATİH,41.02936748,28.68260853
2,Akaryakıt Lpg,10,Opet,10,Aygaz,1,Aktif,1708,ÜSKÜDAR,40781,ALTUNİZADE,41.02380587,29.0420038
2,Akaryakıt Lpg,10,Opet,10,Aygaz,1,Aktif,2004,BAĞCILAR,40170,MAHMUTBEY,41.06971419,28.82515769
2,Akaryakıt Lpg,25,Starpet,25,İpragaz,1,Aktif,2054,SANCAKTEPE,40576,FATİH,40.9667866,29.21556362
4,Cng,-99,Bilinmiyor,-99,Bilinmiyor,1,Aktif,1325,EYÜPSULTAN,40359,ALİBEYKÖY,41.08395433,28.9487804
2,Akaryakıt Lpg,10,Opet,-99,Bilinmiyor,1,Aktif,1782,BÜYÜKÇEKMECE,40846,CUMHURİYET,41.01840194,28.63257349
2,Akaryakıt Lpg,12,Petrol Ofisi,-99,Bilinmiyor,1,Aktif,2048,ARNAVUTKÖY,40489,HARAÇÇI,41.17913976,28.70304094
2,Akaryakıt Lpg,9,LukOil,26,Luk Oil,1,Aktif,1336,GAZİOSMANPAŞA,40460,YENİ MAHALLE,41.07437664,28.90499752
2,Akaryakıt Lpg,13,Shell-Turcas Petrol,39,Shell Gaz,1,Aktif,2003,AVCILAR,40152,FİRUZKÖY,40.99944114,28.71346748
1,Akaryakıt,21,Turkuaz,-99,Bilinmiyor,1,Aktif,1835,PENDİK,40634,GÜZELYALI,40.85944317,29.28156925
2,Akaryakıt Lpg,12,Petrol Ofisi,47,Pogaz,1,Aktif,2004,BAĞCILAR,40165,YAVUZ SELİM,41.04180765,28.84978727
1,Akaryakıt,5,BP,14,Bp Gaz,1,Aktif,1739,ZEYTİNBURNU,40840,KAZLIÇEŞME,40.98218188,28.89369976
2,Akaryakıt Lpg,12,Petrol Ofisi,47,Pogaz,1,Aktif,1835,PENDİK,40644,ÇINARDERE,40.89574571,29.24902912
1,Akaryakıt,19,Sunpet,-99,Bilinmiyor,1,Aktif,2048,ARNAVUTKÖY,191989,YASSIÖREN,41.23183977,28.59967308
1,Akaryakıt,5,BP,-99,Bilinmiyor,1,Aktif,2050,BAŞAKŞEHİR,40581,BAŞAKŞEHİR,41.10409804,28.78326758
2,Akaryakıt Lpg,15,Total,42,Totalgaz,1,Aktif,2004,BAĞCILAR,40165,YAVUZ SELİM,41.03339729,28.85129206
2,Akaryakıt Lpg,3,Aytemiz,11,Aytemiz,1,Aktif,1663,ŞİŞLİ,40696,HALİDE EDİP ADIVAR,41.05952851,28.97611861
2,Akaryakıt Lpg,2,Alpet,48,Exen Gaz,1,Aktif,2053,ESENYURT,40881,ATATÜRK,41.02706788,28.62663288
1,Akaryakıt,12,Petrol Ofisi,-99,Bilinmiyor,1,Aktif,1237,ÇATALCA,40903,ATATÜRK,41.41039208,28.18491916
2,Akaryakıt Lpg,10,Opet,25,İpragaz,1,Aktif,1325,EYÜPSULTAN,40376,TOPÇULAR,41.038761,28.9219505
1,Akaryakıt,12,Petrol Ofisi,-99,Bilinmiyor,1,Aktif,1421,KADIKÖY,40520,GÖZTEPE,40.98153282,29.06863687
2,Akaryakıt Lpg,10,Opet,-99,Bilinmiyor,1,Aktif,2015,TUZLA,40718,EVLİYA ÇELEBİ,40.83733449,29.29604496
1,Akaryakıt,15,Total,-99,Bilinmiyor,1,Aktif,1449,KARTAL,40559,ESENTEPE,40.90890613,29.20264182
2,Akaryakıt Lpg,10,Opet,10,Aygaz,1,Aktif,1622,SİLİVRİ,40921,YENİ,41.06963005,28.2925998
1,Akaryakıt,12,Petrol Ofisi,-99,Bilinmiyor,1,Aktif,1810,KAĞITHANE,40553,YEŞİLCE,41.09362435,29.00441833
2,Akaryakıt Lpg,10,Opet,10,Aygaz,1,Aktif,2010,GÜNGÖREN,40498,GENÇOSMAN,41.03248925,28.88381225
1,Akaryakıt,-99,Bilinmiyor,-99,Bilinmiyor,1,Aktif,2051,BEYLİKDÜZÜ,40869,ADNAN KAHVECİ,41.0058405,28.62225456
2,Akaryakıt Lpg,22,KadOil,29,Mogaz,1,Aktif,1782,BÜYÜKÇEKMECE,40887,MİMAR SİNAN,41.02102385,28.56318003
2,Akaryakıt Lpg,7,Enerji Petrol,52,Enerji Gaz,1,Aktif,1622,SİLİVRİ,40940,SELİMPAŞA,41.05166704,28.38699643
1,Akaryakıt,10,Opet,10,Aygaz,1,Aktif,1325,EYÜPSULTAN,40376,TOPÇULAR,41.03914139,28.91734304
2,Akaryakıt Lpg,15,Total,42,Totalgaz,1,Aktif,1659,ŞİLE,40959,ÇAVUŞ,41.15579592,29.60433743
1,Akaryakıt,5,BP,-99,Bilinmiyor,1,Aktif,2048,ARNAVUTKÖY,40906,ÖMERLİ,41.12363691,28.62465206
1,Akaryakıt,15,Total,-99,Bilinmiyor,1,Aktif,1835,PENDİK,40630,ŞEYHLİ,40.90789654,29.29335117
1,Akaryakıt,12,Petrol Ofisi,-99,Bilinmiyor,1,Aktif,1708,ÜSKÜDAR,98669,SULTANTEPE,41.02892188,29.01747482
1,Akaryakıt,12,Petrol Ofisi,-99,Bilinmiyor,1,Aktif,1186,BEYOĞLU,40303,PİRİPAŞA,41.04371363,28.94792856
1,Akaryakıt,5,BP,-99,Bilinmiyor,1,Aktif,2053,ESENYURT,40858,SAADETDERE,41.01154738,28.69804547
3,Lpg,-99,Bilinmiyor,10,Aygaz,1,Aktif,2003,AVCILAR,40148,CİHANGİR,40.99508185,28.70519435
2,Akaryakıt Lpg,12,Petrol Ofisi,47,Pogaz,1,Aktif,1336,GAZİOSMANPAŞA,40455,MERKEZ,41.05559916,28.90966919
1,Akaryakıt,3,Aytemiz,11,Aytemiz,1,Aktif,1336,GAZİOSMANPAŞA,40458,HÜRRİYET,41.07048389,28.90229838
1,Akaryakıt,15,Total,-99,Bilinmiyor,1,Aktif,1185,BEYKOZ,191701,AKBABA,41.14832259,29.11321153
2,Akaryakıt Lpg,13,Shell-Turcas Petrol,39,Shell Gaz,1,Aktif,1739,ZEYTİNBURNU,40840,KAZLIÇEŞME,41.0022152,28.91983752
2,Akaryakıt Lpg,3,Aytemiz,11,Aytemiz,1,Aktif,2004,BAĞCILAR,40169,15 TEMMUZ,41.04482464,28.81695939
2,Akaryakıt Lpg,12,Petrol Ofisi,36,Petro Gaz,1,Aktif,1852,ÜMRANİYE,98699,NECİP FAZIL,41.01651051,29.17768789
2,Akaryakıt Lpg,13,Shell-Turcas Petrol,39,Shell Gaz,1,Aktif,1810,KAĞITHANE,40543,MERKEZ,41.08423543,28.97827214
2,Akaryakıt Lpg,5,BP,14,Bp Gaz,1,Aktif,1739,ZEYTİNBURNU,40505,TOZKOPARAN,41.02772258,28.90843274
2,Akaryakıt Lpg,10,Opet,10,Aygaz,1,Aktif,2051,BEYLİKDÜZÜ,40874,CUMHURİYET,41.00491317,28.63757733
2,Akaryakıt Lpg,9,LukOil,26,Luk Oil,1,Aktif,1835,PENDİK,40631,KAYNARCA,40.87312562,29.26541195
2,Akaryakıt Lpg,3,Aytemiz,11,Aytemiz,1,Aktif,1449,KARTAL,40556,CUMHURİYET,40.89707377,29.22570029
1,Akaryakıt,9,LukOil,-99,Bilinmiyor,1,Aktif,1782,BÜYÜKÇEKMECE,40884,KUMBURGAZ,41.0265303,28.46566259
2,Akaryakıt Lpg,5,BP,-99,Bilinmiyor,1,Aktif,2005,BAHÇELİEVLER,40183,YENİBOSNA MERKEZ,41.01542544,28.8243583
2,Akaryakıt Lpg,7,Enerji Petrol,52,Enerji Gaz,1,Aktif,2053,ESENYURT,181504,AKŞEMSEDDİN,41.01346337,28.69537048
2,Akaryakıt Lpg,10,Opet,10,Aygaz,1,Aktif,2012,MALTEPE,40618,GİRNE,40.94268716,29.14385305
1,Akaryakıt,13,Shell-Turcas Petrol,-99,Bilinmiyor,1,Aktif,1449,KARTAL,40556,CUMHURİYET,40.90247235,29.2175119
1,Akaryakıt,23,Moil,-99,Bilinmiyor,1,Aktif,1237,ÇATALCA,191815,SUBAŞI,41.22362268,28.45501922
1,Akaryakıt,5,BP,-99,Bilinmiyor,1,Aktif,2054,SANCAKTEPE,40762,MECLİS,41.00975537,29.21090597
2,Akaryakıt Lpg,12,Petrol Ofisi,47,Pogaz,1,Aktif,2005,BAHÇELİEVLER,40183,YENİBOSNA MERKEZ,41.01163702,28.82838406
1,Akaryakıt,15,Total,-99,Bilinmiyor,1,Aktif,1237,ÇATALCA,40899,ÇAKIL,41.11605161,28.45046913
2,Akaryakıt Lpg,5,BP,10,Aygaz,1,Aktif,2014,SULTANBEYLİ,40950,MEHMET AKİF,40.96503519,29.27201947
1,Akaryakıt,-99,Bilinmiyor,-99,Bilinmiyor,1,Aktif,1835,PENDİK,40642,VELİBABA,40.90661526,29.25279936
2,Akaryakıt Lpg,13,Shell-Turcas Petrol,39,Shell Gaz,1,Aktif,2053,ESENYURT,181480,OSMANGAZİ,41.03797011,28.64186646
2,Akaryakıt Lpg,12,Petrol Ofisi,47,Pogaz,1,Aktif,2004,BAĞCILAR,40168,GÜNEŞLİ,41.0345758,28.83336008
2,Akaryakıt Lpg,13,Shell-Turcas Petrol,39,Shell Gaz,1,Aktif,2049,ATAŞEHİR,40526,YENİSAHRA,40.98764191,29.08706788
2,Akaryakıt Lpg,15,Total,42,Totalgaz,1,Aktif,1237,ÇATALCA,40897,FERHATPAŞA,41.13283082,28.47029877
1,Akaryakıt,5,BP,-99,Bilinmiyor,1,Aktif,1325,EYÜPSULTAN,40365,MERKEZ,41.0576361,28.94188186
2,Akaryakıt Lpg,13,Shell-Turcas Petrol,39,Shell Gaz,1,Aktif,1421,KADIKÖY,40529,KOZYATAĞI,40.96644558,29.10335137
1,Akaryakıt,13,Shell-Turcas Petrol,-99,Bilinmiyor,1,Aktif,1421,KADIKÖY,40514,FENERBAHÇE,40.97577486,29.05043269
1,Akaryakıt,13,Shell-Turcas Petrol,-99,Bilinmiyor,1,Aktif,2014,SULTANBEYLİ,40956,AKŞEMSETTİN,40.94255158,29.30204185
1,Akaryakıt,13,Shell-Turcas Petrol,-99,Bilinmiyor,1,Aktif,1663,ŞİŞLİ,40694,FULYA,41.06570788,29.00223845
2,Akaryakıt Lpg,13,Shell-Turcas Petrol,39,Shell Gaz,1,Aktif,2054,SANCAKTEPE,40579,ABDURRAHMANGAZİ,40.99270409,29.223129
1,Akaryakıt,13,Shell-Turcas Petrol,-99,Bilinmiyor,1,Aktif,1336,GAZİOSMANPAŞA,40462,MEVLANA,41.08253132,28.91672524
1,Akaryakıt,12,Petrol Ofisi,-99,Bilinmiyor,1,Aktif,1604,SARIYER,40671,SARIYER MERKEZ,41.16612884,29.05648411
1,Akaryakıt,5,BP,-99,Bilinmiyor,1,Aktif,2054,SANCAKTEPE,40576,FATİH,40.96642276,29.2165009
2,Akaryakıt Lpg,22,KadOil,29,Mogaz,1,Aktif,1823,KÜÇÜKÇEKMECE,40587,SÖĞÜTLÜ ÇEŞME,41.01293832,28.79168159
2,Akaryakıt Lpg,13,Shell-Turcas Petrol,39,Shell Gaz,1,Aktif,1449,KARTAL,40558,ÇAVUŞOĞLU,40.88955086,29.20683015
2,Akaryakıt Lpg,23,Moil,-99,Bilinmiyor,1,Aktif,1622,SİLİVRİ,40941,BÜYÜK ÇAVUŞLU,41.24434402,28.0673768
1,Akaryakıt,12,Petrol Ofisi,-99,Bilinmiyor,1,Aktif,1237,ÇATALCA,191805,KESTANELİK,41.22746255,28.49171624
1,Akaryakıt,14,Termopet Akaryakıt,-99,Bilinmiyor,1,Aktif,1237,ÇATALCA,40917,ÇİFTLİKKÖY,41.33691805,28.41568618
2,Akaryakıt Lpg,23,Moil,28,Milangaz,1,Aktif,1823,KÜÇÜKÇEKMECE,40596,FEVZİ ÇAKMAK,41.00846474,28.79462734
2,Akaryakıt Lpg,7,Enerji Petrol,52,Enerji Gaz,1,Aktif,1622,SİLİVRİ,40938,ORTAKÖY,41.09428834,28.37628946
1,Akaryakıt,15,Total,-99,Bilinmiyor,1,Aktif,2015,TUZLA,40723,İSTASYON,40.83580293,29.32389265
1,Akaryakıt,13,Shell-Turcas Petrol,-99,Bilinmiyor,1,Aktif,2049,ATAŞEHİR,40533,KAYIŞDAĞI,40.98766792,29.14387497
2,Akaryakıt Lpg,13,Shell-Turcas Petrol,39,Shell Gaz,1,Aktif,1185,BEYKOZ,40244,GÖKSU,41.07999656,29.07078134
1,Akaryakıt,25,Starpet,-99,Bilinmiyor,1,Aktif,2054,SANCAKTEPE,40624,BÜYÜKBAKKALKÖY,40.98696716,29.22608529
2,Akaryakıt Lpg,13,Shell-Turcas Petrol,39,Shell Gaz,1,Aktif,1823,KÜÇÜKÇEKMECE,40603,BEŞYOL,40.99637053,28.7966381
2,Akaryakıt Lpg,10,Opet,10,Aygaz,1,Aktif,1823,KÜÇÜKÇEKMECE,40590,HALKALI MERKEZ,41.02923287,28.80651589
2,Akaryakıt Lpg,12,Petrol Ofisi,47,Pogaz,1,Aktif,2005,BAHÇELİEVLER,40182,KOCASİNAN MERKEZ,41.01313068,28.84679765
2,Akaryakıt Lpg,13,Shell-Turcas Petrol,39,Shell Gaz,1,Aktif,1166,BAKIRKÖY,40199,ŞENLİKKÖY,40.98640206,28.81960077
2,Akaryakıt Lpg,13,Shell-Turcas Petrol,39,Shell Gaz,1,Aktif,1835,PENDİK,40628,BAHÇELİEVLER,40.88688466,29.23998611
2,Akaryakıt Lpg,13,Shell-Turcas Petrol,39,Shell Gaz,1,Aktif,1739,ZEYTİNBURNU,40842,MERKEZEFENDİ,41.01682003,28.91287897
2,Akaryakıt Lpg,15,Total,42,Totalgaz,1,Aktif,1810,KAĞITHANE,40543,MERKEZ,41.07857234,28.97196755
1,Akaryakıt,15,Total,-99,Bilinmiyor,1,Aktif,1327,FATİH,99139,KARAGÜMRÜK,41.02860721,28.93680477
2,Akaryakıt Lpg,5,BP,14,Bp Gaz,1,Aktif,1421,KADIKÖY,40516,EĞİTİM,40.98943776,29.04218668
1,Akaryakıt,-99,Bilinmiyor,-99,Bilinmiyor,1,Aktif,1835,PENDİK,,,40.89430881,29.25927376
2,Akaryakıt Lpg,12,Petrol Ofisi,37,Petrol Ofisi,1,Aktif,2050,BAŞAKŞEHİR,40871,BAHÇEŞEHİR 1. KISIM,41.0604331,28.6985173
2,Akaryakıt Lpg,3,Aytemiz,11,Aytemiz,1,Aktif,1325,EYÜPSULTAN,191753,PİRİNÇÇİ,41.20086472,28.8250662
2,Akaryakıt Lpg,3,Aytemiz,11,Aytemiz,1,Aktif,1325,EYÜPSULTAN,191745,ÇİFTALAN,41.23651473,28.90607452
2,Akaryakıt Lpg,13,Shell-Turcas Petrol,38,Shell-Turcas Petrol,1,Aktif,1325,EYÜPSULTAN,,,41.23374338,28.88446852
1,Akaryakıt,-99,Bilinmiyor,-99,Bilinmiyor,1,Aktif,2051,BEYLİKDÜZÜ,,,,
2,Akaryakıt Lpg,-99,Bilinmiyor,-99,Bilinmiyor,1,Aktif,1739,ZEYTİNBURNU,,,,
,Bilinmiyor,-99,Bilinmiyor,-99,Bilinmiyor,1,Aktif,2048,ARNAVUTKÖY,,,,
2,Akaryakıt Lpg,10,Opet,-99,Bilinmiyor,1,Aktif,2015,TUZLA,40725,AKFIRAT,,
1,Akaryakıt,13,Shell-Turcas Petrol,-99,Bilinmiyor,1,Aktif,2054,SANCAKTEPE,40624,BÜYÜKBAKKALKÖY,40.97776957,29.22081122
1,Akaryakıt,15,Total,-99,Bilinmiyor,1,Aktif,1782,BÜYÜKÇEKMECE,40887,MİMAR SİNAN,41.01713165,28.55737114
1,Akaryakıt,3,Aytemiz,-99,Bilinmiyor,1,Aktif,1810,KAĞITHANE,40544,MEHMET AKİF ERSOY,41.06293591,28.95089177
2,Akaryakıt Lpg,10,Opet,10,Aygaz,1,Aktif,1835,PENDİK,40629,FEVZİ ÇAKMAK,40.88079983,29.2551488
2,Akaryakıt Lpg,10,Opet,10,Aygaz,1,Aktif,1782,BÜYÜKÇEKMECE,40929,KAMİLOBA,41.03783658,28.43729495
1,Akaryakıt,5,BP,-99,Bilinmiyor,1,Aktif,1421,KADIKÖY,40514,FENERBAHÇE,40.98061711,29.04183468
2,Akaryakıt Lpg,15,Total,42,Totalgaz,1,Aktif,2015,TUZLA,40732,MESCİT,40.89976898,29.35113698
2,Akaryakıt Lpg,13,Shell-Turcas Petrol,39,Shell Gaz,1,Aktif,2004,BAĞCILAR,40166,KİRAZLI,41.03264496,28.83403227
2,Akaryakıt Lpg,10,Opet,10,Aygaz,1,Aktif,2053,ESENYURT,181508,SULTANİYE,41.02314038,28.68670988
2,Akaryakıt Lpg,10,Opet,10,Aygaz,1,Aktif,1739,ZEYTİNBURNU,40505,TOZKOPARAN,41.01981277,28.90877611
2,Akaryakıt Lpg,-99,Bilinmiyor,-99,Bilinmiyor,1,Aktif,2012,MALTEPE,40623,ZÜMRÜTEVLER,40.95044029,29.16276796
1,Akaryakıt,12,Petrol Ofisi,-99,Bilinmiyor,1,Aktif,2055,SULTANGAZİ,40467,75. YIL,41.09865103,28.9003732
2,Akaryakıt Lpg,13,Shell-Turcas Petrol,39,Shell Gaz,1,Aktif,2014,SULTANBEYLİ,40944,BATTALGAZİ,40.9900595,29.26385538
2,Akaryakıt Lpg,12,Petrol Ofisi,36,Petro Gaz,1,Aktif,1739,ZEYTİNBURNU,40505,TOZKOPARAN,41.01519328,28.90779069
2,Akaryakıt Lpg,7,Enerji Petrol,18,Enerji Petrol,1,Aktif,2004,BAĞCILAR,40174,KEMALPAŞA,41.05404038,28.85444228
2,Akaryakıt Lpg,10,Opet,10,Aygaz,1,Aktif,1810,KAĞITHANE,40552,YAHYA KEMAL,41.08893676,28.98501544
2,Akaryakıt Lpg,10,Opet,10,Aygaz,1,Aktif,1183,BEŞİKTAŞ,40225,ORTAKÖY,41.05444498,29.0337741
1,Akaryakıt,-99,Bilinmiyor,-99,Bilinmiyor,1,Aktif,1237,ÇATALCA,191827,HİSARBEYLİ,41.36927879,28.47366212
2,Akaryakıt Lpg,5,BP,14,Bp Gaz,1,Aktif,2016,ESENLER,40351,TUNA,41.05024848,28.85920901
1,Akaryakıt,10,Opet,-99,Bilinmiyor,1,Aktif,2053,ESENYURT,40880,AKÇABURGAZ,41.05037257,28.62850889
2,Akaryakıt Lpg,13,Shell-Turcas Petrol,39,Shell Gaz,1,Aktif,1449,KARTAL,40559,ESENTEPE,40.91110469,29.1952688
2,Akaryakıt Lpg,12,Petrol Ofisi,47,Pogaz,1,Aktif,2054,SANCAKTEPE,192001,PAŞAKÖY,41.04376927,29.27918522
2,Akaryakıt Lpg,2,Alpet,48,Exen Gaz,1,Aktif,1622,SİLİVRİ,40927,ALİPAŞA,41.10371436,28.21939533
2,Akaryakıt Lpg,10,Opet,10,Aygaz,1,Aktif,1604,SARIYER,40675,REŞİTPAŞA,41.10741219,29.01511161
2,Akaryakıt Lpg,13,Shell-Turcas Petrol,39,Shell Gaz,1,Aktif,1852,ÜMRANİYE,40745,IHLAMURKUYU,41.02058605,29.12964144
1,Akaryakıt,9,LukOil,-99,Bilinmiyor,1,Aktif,2014,SULTANBEYLİ,40953,YAVUZ SELİM,40.95069492,29.2818336
1,Akaryakıt,10,Opet,10,Aygaz,1,Aktif,2054,SANCAKTEPE,40762,MECLİS,41.00798822,29.19311182
2,Akaryakıt Lpg,10,Opet,10,Aygaz,1,Aktif,2015,TUZLA,40719,POSTANE,40.81945386,29.30622581
1,Akaryakıt,12,Petrol Ofisi,-99,Bilinmiyor,1,Aktif,2004,BAĞCILAR,40169,15 TEMMUZ,41.02742799,28.81262805
1,Akaryakıt,10,Opet,-99,Bilinmiyor,1,Aktif,1835,PENDİK,40630,ŞEYHLİ,40.90536913,29.28536192
1,Akaryakıt,9,LukOil,-99,Bilinmiyor,1,Aktif,2049,ATAŞEHİR,40577,FERHATPAŞA,40.99031873,29.17570324
2,Akaryakıt Lpg,23,Moil,29,Mogaz,1,Aktif,1327,FATİH,40321,KÜÇÜK AYASOFYA,41.00181317,28.9724949
1,Akaryakıt,9,LukOil,-99,Bilinmiyor,1,Aktif,1336,GAZİOSMANPAŞA,40455,MERKEZ,41.05413073,28.91050432
1,Akaryakıt,-99,Bilinmiyor,-99,Bilinmiyor,1,Aktif,2004,BAĞCILAR,40169,15 TEMMUZ,41.03098273,28.81448575
2,Akaryakıt Lpg,2,Alpet,48,Exen Gaz,1,Aktif,2003,AVCILAR,40149,ÜNİVERSİTE,40.99363129,28.70950192
2,Akaryakıt Lpg,13,Shell-Turcas Petrol,39,Shell Gaz,1,Aktif,2014,SULTANBEYLİ,40945,MECİDİYE,40.96050301,29.29159966
1,Akaryakıt,13,Shell-Turcas Petrol,-99,Bilinmiyor,1,Aktif,1183,BEŞİKTAŞ,40230,NİSBETİYE,41.06987982,29.01527361
1,Akaryakıt,13,Shell-Turcas Petrol,-99,Bilinmiyor,1,Aktif,1449,KARTAL,40571,YALI,40.89993015,29.21995075
1,Akaryakıt,5,BP,-99,Bilinmiyor,1,Aktif,1810,KAĞITHANE,40539,GÜRSEL,41.07552344,28.96980524
3,Lpg,-99,Bilinmiyor,28,Milangaz,1,Aktif,1823,KÜÇÜKÇEKMECE,40590,HALKALI MERKEZ,41.03686638,28.81027951
1,Akaryakıt,13,Shell-Turcas Petrol,-99,Bilinmiyor,1,Aktif,2004,BAĞCILAR,40170,MAHMUTBEY,41.04591634,28.82983716
2,Akaryakıt Lpg,20,Full,50,Full Gaz,1,Aktif,2054,SANCAKTEPE,40760,İNÖNÜ,41.01036169,29.21040523
1,Akaryakıt,14,Termopet Akaryakıt,-99,Bilinmiyor,1,Aktif,1622,SİLİVRİ,191853,DANAMANDIRA,41.30537103,28.24175507
2,Akaryakıt Lpg,5,BP,14,Bp Gaz,1,Aktif,2052,ÇEKMEKÖY,40769,CUMHURİYET,41.024838,29.22565949
2,Akaryakıt Lpg,12,Petrol Ofisi,47,Pogaz,1,Aktif,2050,BAŞAKŞEHİR,40357,BAŞAK,41.10452214,28.8043003
2,Akaryakıt Lpg,10,Opet,-99,Bilinmiyor,1,Aktif,2053,ESENYURT,181518,AŞIK VEYSEL,41.06475707,28.67162883
2,Akaryakıt Lpg,12,Petrol Ofisi,47,Pogaz,1,Aktif,2003,AVCILAR,40153,YEŞİLKENT,41.05105637,28.68774615
2,Akaryakıt Lpg,7,Enerji Petrol,52,Enerji Gaz,1,Aktif,2055,SULTANGAZİ,40467,75. YIL,41.09720383,28.90467187
2,Akaryakıt Lpg,15,Total,42,Totalgaz,1,Aktif,2004,BAĞCILAR,40168,GÜNEŞLİ,41.04140457,28.83227784
2,Akaryakıt Lpg,13,Shell-Turcas Petrol,39,Shell Gaz,1,Aktif,2003,AVCILAR,40149,ÜNİVERSİTE,40.98825712,28.71868008
2,Akaryakıt Lpg,15,Total,28,Milangaz,1,Aktif,1886,BAYRAMPAŞA,40210,YILDIRIM,41.0611405,28.89214984
2,Akaryakıt Lpg,5,BP,14,Bp Gaz,1,Aktif,2004,BAĞCILAR,40175,GÖZTEPE,41.05998749,28.83207995
2,Akaryakıt Lpg,33,Pasifik,10,Aygaz,1,Aktif,1237,ÇATALCA,40898,KALEİÇİ,41.15805446,28.45524206
2,Akaryakıt Lpg,13,Shell-Turcas Petrol,39,Shell Gaz,1,Aktif,2050,BAŞAKŞEHİR,40871,BAHÇEŞEHİR 1. KISIM,41.07178455,28.69399993
1,Akaryakıt,13,Shell-Turcas Petrol,-99,Bilinmiyor,1,Aktif,2048,ARNAVUTKÖY,40906,ÖMERLİ,41.09032672,28.63415889
2,Akaryakıt Lpg,5,BP,14,Bp Gaz,1,Aktif,2004,BAĞCILAR,40165,YAVUZ SELİM,41.04209302,28.8509598
2,Akaryakıt Lpg,13,Shell-Turcas Petrol,39,Shell Gaz,1,Aktif,1449,KARTAL,40558,ÇAVUŞOĞLU,40.89407129,29.19885509
2,Akaryakıt Lpg,12,Petrol Ofisi,47,Pogaz,1,Aktif,2014,SULTANBEYLİ,40943,ADİL,40.97286792,29.26230214
3,Lpg,-99,Bilinmiyor,29,Mogaz,1,Aktif,2005,BAHÇELİEVLER,40182,KOCASİNAN MERKEZ,41.01357205,28.84414047
2,Akaryakıt Lpg,5,BP,14,Bp Gaz,1,Aktif,1823,KÜÇÜKÇEKMECE,40589,GÜLTEPE,40.98858144,28.79089044
1,Akaryakıt,15,Total,-99,Bilinmiyor,1,Aktif,2014,SULTANBEYLİ,40950,MEHMET AKİF,40.96971958,29.26609861
1,Akaryakıt,9,LukOil,3,Akpet Gaz,1,Aktif,2014,SULTANBEYLİ,40956,AKŞEMSETTİN,40.94238474,29.30108773
1,Akaryakıt,13,Shell-Turcas Petrol,-99,Bilinmiyor,1,Aktif,2053,ESENYURT,40851,FATİH,41.03380717,28.68004637
2,Akaryakıt Lpg,10,Opet,10,Aygaz,1,Aktif,1622,SİLİVRİ,40935,GÜMÜŞYAKA,41.05081503,28.05568473
1,Akaryakıt,15,Total,-99,Bilinmiyor,1,Aktif,2049,ATAŞEHİR,40740,MUSTAFA KEMAL,40.99697425,29.08879255
2,Akaryakıt Lpg,9,LukOil,3,Akpet Gaz,1,Aktif,2053,ESENYURT,181498,AKEVLER,41.01964816,28.67658853
2,Akaryakıt Lpg,12,Petrol Ofisi,-99,Bilinmiyor,1,Aktif,2015,TUZLA,40716,İÇMELER,40.84479138,29.30578453
2,Akaryakıt Lpg,27,Türkiye Petrol,51,Türkiye Petrol,1,Aktif,2052,ÇEKMEKÖY,40756,MERKEZ,41.04493396,29.17717304
2,Akaryakıt Lpg,15,Total,42,Totalgaz,1,Aktif,1835,PENDİK,40648,YEŞİLBAĞLAR,40.89433953,29.2285325
2,Akaryakıt Lpg,10,Opet,10,Aygaz,1,Aktif,2053,ESENYURT,181518,AŞIK VEYSEL,41.055412,28.67180478
1,Akaryakıt,5,BP,14,Bp Gaz,1,Aktif,1823,KÜÇÜKÇEKMECE,40599,YARIMBURGAZ,41.04264208,28.75635697
1,Akaryakıt,12,Petrol Ofisi,-99,Bilinmiyor,1,Aktif,1622,SİLİVRİ,191837,ÇELTİK,41.10724102,28.11222224
1,Akaryakıt,13,Shell-Turcas Petrol,-99,Bilinmiyor,1,Aktif,2048,ARNAVUTKÖY,99359,ANADOLU,41.17749479,28.74801348
1,Akaryakıt,10,Opet,-99,Bilinmiyor,1,Aktif,2003,AVCILAR,40154,TAHTAKALE,41.05682424,28.728053
1,Akaryakıt,5,BP,-99,Bilinmiyor,1,Aktif,1886,BAYRAMPAŞA,40208,YENİDOĞAN,41.046174,28.91548504
2,Akaryakıt Lpg,12,Petrol Ofisi,47,Pogaz,1,Aktif,1823,KÜÇÜKÇEKMECE,40590,HALKALI MERKEZ,41.03364903,28.80740684
2,Akaryakıt Lpg,15,Total,42,Totalgaz,1,Aktif,2054,SANCAKTEPE,40762,MECLİS,41.01369796,29.19118382
1,Akaryakıt,5,BP,-99,Bilinmiyor,1,Aktif,2005,BAHÇELİEVLER,40182,KOCASİNAN MERKEZ,41.01423895,28.84219214
1,Akaryakıt,12,Petrol Ofisi,-99,Bilinmiyor,1,Aktif,1823,KÜÇÜKÇEKMECE,40591,ATATÜRK,41.04893356,28.7996952
2,Akaryakıt Lpg,13,Shell-Turcas Petrol,39,Shell Gaz,1,Aktif,1708,ÜSKÜDAR,40788,BULGURLU,41.01682066,29.07617025
2,Akaryakıt Lpg,13,Shell-Turcas Petrol,39,Shell Gaz,1,Aktif,2051,BEYLİKDÜZÜ,40875,BARIŞ,41.00976787,28.6551092
2,Akaryakıt Lpg,12,Petrol Ofisi,37,Petrol Ofisi,1,Aktif,2054,SANCAKTEPE,40762,MECLİS,41.01257362,29.20741025
2,Akaryakıt Lpg,12,Petrol Ofisi,47,Pogaz,1,Aktif,1852,ÜMRANİYE,98703,ŞERİFALİ,41.00559909,29.14620474
2,Akaryakıt Lpg,10,Opet,10,Aygaz,1,Aktif,2052,ÇEKMEKÖY,40751,EKŞİOĞLU,41.02663493,29.24273605
2,Akaryakıt Lpg,13,Shell-Turcas Petrol,39,Shell Gaz,1,Aktif,2014,SULTANBEYLİ,40944,BATTALGAZİ,40.98258981,29.26674689
2,Akaryakıt Lpg,13,Shell-Turcas Petrol,39,Shell Gaz,1,Aktif,1327,FATİH,40387,SEYYİD ÖMER,41.00725845,28.92843682
2,Akaryakıt Lpg,15,Total,42,Totalgaz,1,Aktif,2004,BAĞCILAR,40160,YILDIZTEPE,41.02710473,28.85689017
1,Akaryakıt,15,Total,-99,Bilinmiyor,1,Aktif,1835,PENDİK,40633,BATI,40.87573633,29.23297247
1,Akaryakıt,12,Petrol Ofisi,-99,Bilinmiyor,1,Aktif,1604,SARIYER,40666,İSTİNYE,41.11428516,29.06011309
1,Akaryakıt,12,Petrol Ofisi,-99,Bilinmiyor,1,Aktif,1622,SİLİVRİ,191849,BÜYÜK KILIÇLI,41.16027818,28.18607082
2,Akaryakıt Lpg,5,BP,14,Bp Gaz,1,Aktif,2015,TUZLA,40726,TEPEÖREN,40.94062621,29.3698815
1,Akaryakıt,21,Turkuaz,-99,Bilinmiyor,1,Aktif,1237,ÇATALCA,40900,İZZETTİN,41.17215571,28.50272719
2,Akaryakıt Lpg,10,Opet,33,Opet,1,Aktif,2049,ATAŞEHİR,40531,KÜÇÜKBAKKALKÖY,40.98244232,29.10612673
1,Akaryakıt,23,Moil,-99,Bilinmiyor,1,Aktif,1166,BAKIRKÖY,40197,KARTALTEPE,40.99101598,28.87090283
2,Akaryakıt Lpg,13,Shell-Turcas Petrol,25,İpragaz,1,Aktif,2010,GÜNGÖREN,40504,ABDURRAHMAN NAFİZ GÜRMAN,41.00221707,28.88614594
2,Akaryakıt Lpg,12,Petrol Ofisi,47,Pogaz,1,Aktif,1823,KÜÇÜKÇEKMECE,40607,CENNET,40.98594941,28.78385495
1,Akaryakıt,5,BP,-99,Bilinmiyor,1,Aktif,1622,SİLİVRİ,40919,PİRİ MEHMET PAŞA,41.07694152,28.24642011
2,Akaryakıt Lpg,13,Shell-Turcas Petrol,39,Shell Gaz,1,Aktif,2015,TUZLA,40731,FATİH,40.92611498,29.35090343
2,Akaryakıt Lpg,5,BP,14,Bp Gaz,1,Aktif,1325,EYÜPSULTAN,40368,KARADOLAP,41.0794845,28.93045376
1,Akaryakıt,5,BP,-99,Bilinmiyor,1,Aktif,2003,AVCILAR,40148,CİHANGİR,40.99540152,28.7046477
1,Akaryakıt,15,Total,-99,Bilinmiyor,1,Aktif,2053,ESENYURT,40880,AKÇABURGAZ,41.05981154,28.62519605
1,Akaryakıt,12,Petrol Ofisi,-99,Bilinmiyor,1,Aktif,1622,SİLİVRİ,40926,SEMİZKUMLAR,41.07560122,28.14473253
2,Akaryakıt Lpg,13,Shell-Turcas Petrol,47,Pogaz,1,Aktif,1449,KARTAL,40555,CEVİZLİ,40.91616064,29.16989523
2,Akaryakıt Lpg,10,Opet,10,Aygaz,1,Aktif,2004,BAĞCILAR,40170,MAHMUTBEY,41.05015537,28.81207503
2,Akaryakıt Lpg,10,Opet,10,Aygaz,1,Aktif,1810,KAĞITHANE,40541,HAMİDİYE,41.10135832,28.97994625
1,Akaryakıt,5,BP,-99,Bilinmiyor,1,Aktif,2012,MALTEPE,40614,CEVİZLİ,40.91196731,29.15455947
1,Akaryakıt,10,Opet,-99,Bilinmiyor,1,Aktif,1166,BAKIRKÖY,40202,ATAKÖY 1. KISIM,40.97402414,28.87318947
2,Akaryakıt Lpg,5,BP,14,Bp Gaz,1,Aktif,1622,SİLİVRİ,40940,SELİMPAŞA,41.06432041,28.32077228
2,Akaryakıt Lpg,13,Shell-Turcas Petrol,39,Shell Gaz,1,Aktif,2053,ESENYURT,40855,BAĞLARÇEŞME,41.03196841,28.67431515
2,Akaryakıt Lpg,10,Opet,29,Mogaz,1,Aktif,2012,MALTEPE,40618,GİRNE,40.93778536,29.13796998
2,Akaryakıt Lpg,12,Petrol Ofisi,47,Pogaz,1,Aktif,1782,BÜYÜKÇEKMECE,40846,CUMHURİYET,41.01952776,28.62933529
2,Akaryakıt Lpg,12,Petrol Ofisi,47,Pogaz,1,Aktif,1622,SİLİVRİ,40922,CUMHURİYET,41.07092768,28.27675878
2,Akaryakıt Lpg,12,Petrol Ofisi,47,Pogaz,1,Aktif,1237,ÇATALCA,40898,KALEİÇİ,41.150833,28.45281339
2,Akaryakıt Lpg,5,BP,-99,Bilinmiyor,1,Aktif,1835,PENDİK,40631,KAYNARCA,40.86453919,29.27137385
1,Akaryakıt,13,Shell-Turcas Petrol,-99,Bilinmiyor,1,Aktif,1166,BAKIRKÖY,40196,ATAKÖY 7-8-9-10. KISIM,40.99209548,28.83306635
1,Akaryakıt,12,Petrol Ofisi,36,Petro Gaz,1,Aktif,2015,TUZLA,40718,EVLİYA ÇELEBİ,40.84673672,29.29609942
1,Akaryakıt,10,Opet,-99,Bilinmiyor,1,Aktif,1186,BEYOĞLU,40279,İSTİKLAL,41.04123713,28.96729852
2,Akaryakıt Lpg,-99,Bilinmiyor,-99,Bilinmiyor,1,Aktif,1886,BAYRAMPAŞA,40205,VATAN,41.03191942,28.90553774
2,Akaryakıt Lpg,13,Shell-Turcas Petrol,39,Shell Gaz,1,Aktif,1325,EYÜPSULTAN,40379,GÖKTÜRK MERKEZ,41.17663651,28.89025116
2,Akaryakıt Lpg,15,Total,42,Totalgaz,1,Aktif,1186,BEYOĞLU,40291,BOSTAN,41.03986787,28.97751708
1,Akaryakıt,2,Alpet,-99,Bilinmiyor,1,Aktif,1782,BÜYÜKÇEKMECE,40849,KARAAĞAÇ,41.10824568,28.59256998
1,Akaryakıt,-99,Bilinmiyor,-99,Bilinmiyor,1,Aktif,1835,PENDİK,40646,KAVAKPINAR,40.88608338,29.28652515
1,Akaryakıt,15,Total,-99,Bilinmiyor,1,Aktif,2048,ARNAVUTKÖY,40913,HADIMKÖY,41.15609625,28.63552097
1,Akaryakıt,14,Termopet Akaryakıt,-99,Bilinmiyor,1,Aktif,1336,GAZİOSMANPAŞA,40457,FEVZİ ÇAKMAK,41.06964438,28.90311374
1,Akaryakıt,9,LukOil,46,Akpet,1,Aktif,1622,SİLİVRİ,40936,KAVAKLI,41.0910949,28.3281697
2,Akaryakıt Lpg,-99,Bilinmiyor,-99,Bilinmiyor,1,Aktif,1886,BAYRAMPAŞA,40213,MURATPAŞA,41.05178542,28.91069202
2,Akaryakıt Lpg,13,Shell-Turcas Petrol,39,Shell Gaz,1,Aktif,2052,ÇEKMEKÖY,40765,TAŞDELEN,41.03084799,29.23101092
2,Akaryakıt Lpg,12,Petrol Ofisi,47,Pogaz,1,Aktif,2050,BAŞAKŞEHİR,40584,ŞAHİNTEPE,41.06378245,28.74609478
2,Akaryakıt Lpg,12,Petrol Ofisi,47,Pogaz,1,Aktif,1835,PENDİK,40643,ESENYALI,40.85610836,29.2912771
2,Akaryakıt Lpg,15,Total,42,Totalgaz,1,Aktif,1782,BÜYÜKÇEKMECE,40883,GÜZELCE,41.00956266,28.52334775
1,Akaryakıt,13,Shell-Turcas Petrol,14,Bp Gaz,1,Aktif,2048,ARNAVUTKÖY,40483,BOĞAZKÖY İSTİKLAL,41.13664862,28.811227
1,Akaryakıt,20,Full,-99,Bilinmiyor,1,Aktif,2054,SANCAKTEPE,40624,BÜYÜKBAKKALKÖY,40.98163881,29.22145731
1,Akaryakıt,12,Petrol Ofisi,-99,Bilinmiyor,1,Aktif,2015,TUZLA,40728,ORHANLI,40.8939344,29.35516815
2,Akaryakıt Lpg,12,Petrol Ofisi,47,Pogaz,1,Aktif,1622,SİLİVRİ,40931,SANCAKTEPE,41.07112997,28.11282106
1,Akaryakıt,12,Petrol Ofisi,-99,Bilinmiyor,1,Aktif,1622,SİLİVRİ,40923,MİMAR SİNAN,41.07994225,28.20693349
1,Akaryakıt,13,Shell-Turcas Petrol,-99,Bilinmiyor,1,Aktif,2053,ESENYURT,181508,SULTANİYE,41.03210179,28.68206942
1,Akaryakıt,13,Shell-Turcas Petrol,39,Shell Gaz,1,Aktif,1823,KÜÇÜKÇEKMECE,40582,ATAKENT,41.04444737,28.78202783
2,Akaryakıt Lpg,13,Shell-Turcas Petrol,39,Shell Gaz,1,Aktif,2016,ESENLER,40351,TUNA,41.05223539,28.85814548
2,Akaryakıt Lpg,-99,Bilinmiyor,-99,Bilinmiyor,1,Aktif,1886,BAYRAMPAŞA,40213,MURATPAŞA,41.05105998,28.90763786
2,Akaryakıt Lpg,24,Bpet,25,İpragaz,1,Aktif,1835,PENDİK,40629,FEVZİ ÇAKMAK,40.880055,29.25938796
2,Akaryakıt Lpg,10,Opet,33,Opet,1,Aktif,2015,TUZLA,40728,ORHANLI,40.9077861,29.34327854
2,Akaryakıt Lpg,15,Total,42,Totalgaz,1,Aktif,2014,SULTANBEYLİ,40949,ABDURRAHMANGAZİ,40.96939307,29.25715278
2,Akaryakıt Lpg,5,BP,14,Bp Gaz,1,Aktif,1835,PENDİK,40648,YEŞİLBAĞLAR,40.89684752,29.22487999
1,Akaryakıt,12,Petrol Ofisi,-99,Bilinmiyor,1,Aktif,1237,ÇATALCA,40901,OVAYENİCE,41.10456986,28.42483278
2,Akaryakıt Lpg,13,Shell-Turcas Petrol,39,Shell Gaz,1,Aktif,2048,ARNAVUTKÖY,40906,ÖMERLİ,41.11736787,28.62845275
2,Akaryakıt Lpg,5,BP,14,Bp Gaz,1,Aktif,1237,ÇATALCA,40897,FERHATPAŞA,41.13514557,28.4656453
1,Akaryakıt,5,BP,-99,Bilinmiyor,1,Aktif,1810,KAĞITHANE,40535,ÇAĞLAYAN,41.07165321,28.97989356
2,Akaryakıt Lpg,13,Shell-Turcas Petrol,39,Shell Gaz,1,Aktif,1835,PENDİK,40653,YENİŞEHİR,40.93937772,29.31722879
1,Akaryakıt,13,Shell-Turcas Petrol,39,Shell Gaz,1,Aktif,2015,TUZLA,40720,AYDINLI,40.87124126,29.33149329
2,Akaryakıt Lpg,5,BP,14,Bp Gaz,1,Aktif,2053,ESENYURT,40866,YEŞİLKENT,41.03065998,28.66262247
2,Akaryakıt Lpg,23,Moil,28,Milangaz,1,Aktif,2015,TUZLA,40726,TEPEÖREN,40.90348792,29.3945814
2,Akaryakıt Lpg,13,Shell-Turcas Petrol,39,Shell Gaz,1,Aktif,2054,SANCAKTEPE,40759,EMEK,41.00713878,29.19026753
2,Akaryakıt Lpg,3,Aytemiz,11,Aytemiz,1,Aktif,2048,ARNAVUTKÖY,40478,ARNAVUTKÖY MERKEZ,41.18141575,28.74475651
2,Akaryakıt Lpg,12,Petrol Ofisi,47,Pogaz,1,Aktif,1852,ÜMRANİYE,40748,ATAKENT,41.0132846,29.1071528
2,Akaryakıt Lpg,12,Petrol Ofisi,47,Pogaz,1,Aktif,1659,ŞİLE,40961,AĞVA MERKEZ,41.12918897,29.85330148
1,Akaryakıt,5,BP,-99,Bilinmiyor,1,Aktif,1739,ZEYTİNBURNU,40840,KAZLIÇEŞME,40.99128692,28.91961874
2,Akaryakıt Lpg,-99,Bilinmiyor,-99,Bilinmiyor,1,Aktif,2051,BEYLİKDÜZÜ,40869,ADNAN KAHVECİ,40.99338983,28.63037763
1,Akaryakıt,5,BP,-99,Bilinmiyor,1,Aktif,1852,ÜMRANİYE,98699,NECİP FAZIL,41.01818585,29.17163602
2,Akaryakıt Lpg,12,Petrol Ofisi,47,Pogaz,1,Aktif,1622,SİLİVRİ,40938,ORTAKÖY,41.08346835,28.36836091
1,Akaryakıt,7,Enerji Petrol,-99,Bilinmiyor,1,Aktif,1237,ÇATALCA,191785,ÇANAKÇA,41.25125326,28.4923899
2,Akaryakıt Lpg,15,Total,42,Totalgaz,1,Aktif,1739,ZEYTİNBURNU,40841,SEYİTNİZAM,41.00979678,28.907605
2,Akaryakıt Lpg,13,Shell-Turcas Petrol,10,Aygaz,1,Aktif,1835,PENDİK,40652,YENİ,40.88107458,29.232362
1,Akaryakıt,-99,Bilinmiyor,-99,Bilinmiyor,1,Aktif,2051,BEYLİKDÜZÜ,40893,MARMARA,40.96124162,28.65597255
1,Akaryakıt,10,Opet,33,Opet,1,Aktif,1835,PENDİK,,,40.90931038,29.29501351
2,Akaryakıt Lpg,12,Petrol Ofisi,47,Pogaz,1,Aktif,1708,ÜSKÜDAR,40786,BARBAROS,41.00695521,29.02525145
2,Akaryakıt Lpg,10,Opet,10,Aygaz,1,Aktif,2015,TUZLA,,,40.9171911,29.35437229
2,Akaryakıt Lpg,-99,Bilinmiyor,-99,Bilinmiyor,1,Aktif,2004,BAĞCILAR,40170,MAHMUTBEY,41.04958293,28.82047125
2,Akaryakıt Lpg,13,Shell-Turcas Petrol,39,Shell Gaz,1,Aktif,2050,BAŞAKŞEHİR,40583,KAYABAŞI,,
2,Akaryakıt Lpg,10,Opet,-99,Bilinmiyor,1,Aktif,2015,TUZLA,,,,
1,Akaryakıt,-99,Bilinmiyor,-99,Bilinmiyor,1,Aktif,2050,BAŞAKŞEHİR,40583,KAYABAŞI,,
2,Akaryakıt Lpg,-99,Bilinmiyor,-99,Bilinmiyor,1,Aktif,2050,BAŞAKŞEHİR,,,,
2,Akaryakıt Lpg,12,Petrol Ofisi,37,Petrol Ofisi,1,Aktif,1835,PENDİK,40627,DOĞU,,
2,Akaryakıt Lpg,10,Opet,10,Aygaz,1,Aktif,1835,PENDİK,40645,ORTA,40.88658933,29.24185877
2,Akaryakıt Lpg,12,Petrol Ofisi,10,Aygaz,1,Aktif,1336,GAZİOSMANPAŞA,40449,YILDIZTABYA,41.06579205,28.93356718
1,Akaryakıt,19,Sunpet,-99,Bilinmiyor,1,Aktif,1659,ŞİLE,191931,DEĞİRMENÇAYIRI,40.98275215,29.66576089
1,Akaryakıt,12,Petrol Ofisi,-99,Bilinmiyor,1,Aktif,2048,ARNAVUTKÖY,191977,TAYAKADIN,41.26494688,28.68640353
2,Akaryakıt Lpg,13,Shell-Turcas Petrol,39,Shell Gaz,1,Aktif,1663,ŞİŞLİ,40709,TEŞVİKİYE,41.05601313,28.99761204
2,Akaryakıt Lpg,15,Total,42,Totalgaz,1,Aktif,2004,BAĞCILAR,40171,DEMİRKAPI,41.04689728,28.83445194
1,Akaryakıt,12,Petrol Ofisi,-99,Bilinmiyor,1,Aktif,1663,ŞİŞLİ,40694,FULYA,41.06122011,29.00124934
1,Akaryakıt,12,Petrol Ofisi,-99,Bilinmiyor,1,Aktif,1708,ÜSKÜDAR,40788,BULGURLU,41.0185385,29.08457534
2,Akaryakıt Lpg,13,Shell-Turcas Petrol,39,Shell Gaz,1,Aktif,1604,SARIYER,40671,SARIYER MERKEZ,41.17320357,29.05401308
1,Akaryakıt,10,Opet,10,Aygaz,1,Aktif,2054,SANCAKTEPE,40576,FATİH,40.95684723,29.21389622
1,Akaryakıt,12,Petrol Ofisi,-99,Bilinmiyor,1,Aktif,1782,BÜYÜKÇEKMECE,40887,MİMAR SİNAN,41.02027443,28.55935159
2,Akaryakıt Lpg,20,Full,50,Full Gaz,1,Aktif,1835,PENDİK,40653,YENİŞEHİR,40.92653517,29.31562524
1,Akaryakıt,10,Opet,-99,Bilinmiyor,1,Aktif,1708,ÜSKÜDAR,98666,ÇENGELKÖY,41.04893433,29.05456576
2,Akaryakıt Lpg,13,Shell-Turcas Petrol,-99,Bilinmiyor,1,Aktif,1886,BAYRAMPAŞA,40206,TERAZİDERE,41.02805148,28.89936721
2,Akaryakıt Lpg,10,Opet,29,Mogaz,1,Aktif,2048,ARNAVUTKÖY,191989,YASSIÖREN,41.18348043,28.59808428
1,Akaryakıt,15,Total,42,Totalgaz,1,Aktif,1421,KADIKÖY,40525,SAHRAYICEDİT,40.98346922,29.09190576
2,Akaryakıt Lpg,12,Petrol Ofisi,47,Pogaz,1,Aktif,1739,ZEYTİNBURNU,40505,TOZKOPARAN,41.02846585,28.91659513
2,Akaryakıt Lpg,3,Aytemiz,11,Aytemiz,1,Aktif,1421,KADIKÖY,40509,ACIBADEM,41.00477289,29.035356
2,Akaryakıt Lpg,13,Shell-Turcas Petrol,39,Shell Gaz,1,Aktif,2015,TUZLA,40722,ŞİFA,40.82407346,29.35201815
1,Akaryakıt,19,Sunpet,-99,Bilinmiyor,1,Aktif,1622,SİLİVRİ,191841,SEYMEN,41.15407884,28.16835354
2,Akaryakıt Lpg,12,Petrol Ofisi,47,Pogaz,1,Aktif,2049,ATAŞEHİR,40533,KAYIŞDAĞI,40.98849474,29.14550502
2,Akaryakıt Lpg,13,Shell-Turcas Petrol,39,Shell Gaz,1,Aktif,2004,BAĞCILAR,40158,KAZIM KARABEKİR,41.02869735,28.84646128
2,Akaryakıt Lpg,5,BP,14,Bp Gaz,1,Aktif,1336,GAZİOSMANPAŞA,40460,YENİ MAHALLE,41.07809364,28.89904062
2,Akaryakıt Lpg,13,Shell-Turcas Petrol,39,Shell Gaz,1,Aktif,2015,TUZLA,40718,EVLİYA ÇELEBİ,40.83917265,29.2954312
2,Akaryakıt Lpg,5,BP,14,Bp Gaz,1,Aktif,2016,ESENLER,40354,HAVAALANI,41.05624872,28.87563167
2,Akaryakıt Lpg,12,Petrol Ofisi,47,Pogaz,1,Aktif,2004,BAĞCILAR,40162,MERKEZ,41.02749641,28.85739339
1,Akaryakıt,3,Aytemiz,-99,Bilinmiyor,1,Aktif,2052,ÇEKMEKÖY,40753,ÇAMLIK,41.01450336,29.19039046
1,Akaryakıt,5,BP,-99,Bilinmiyor,1,Aktif,2010,GÜNGÖREN,40506,MEHMET NESİH ÖZMEN,41.00799973,28.8817147
2,Akaryakıt Lpg,13,Shell-Turcas Petrol,39,Shell Gaz,1,Aktif,1823,KÜÇÜKÇEKMECE,40592,İNÖNÜ,41.02458108,28.80633273
2,Akaryakıt Lpg,12,Petrol Ofisi,36,Petro Gaz,1,Aktif,1708,ÜSKÜDAR,40790,CUMHURİYET,41.01139309,29.07532564
1,Akaryakıt,7,Enerji Petrol,-99,Bilinmiyor,1,Aktif,1622,SİLİVRİ,40938,ORTAKÖY,41.09601621,28.37413552
2,Akaryakıt Lpg,15,Total,42,Totalgaz,1,Aktif,2050,BAŞAKŞEHİR,40871,BAHÇEŞEHİR 1. KISIM,41.0598117,28.69920805
2,Akaryakıt Lpg,10,Opet,29,Mogaz,1,Aktif,2048,ARNAVUTKÖY,40483,BOĞAZKÖY İSTİKLAL,41.15123592,28.78779368
1,Akaryakıt,12,Petrol Ofisi,-99,Bilinmiyor,1,Aktif,1782,BÜYÜKÇEKMECE,40884,KUMBURGAZ,41.02773619,28.46297747
2,Akaryakıt Lpg,32,Çekoil,-99,Bilinmiyor,1,Aktif,2052,ÇEKMEKÖY,40752,NİŞANTEPE,41.04312366,29.27602181
1,Akaryakıt,12,Petrol Ofisi,-99,Bilinmiyor,1,Aktif,1325,EYÜPSULTAN,40361,DEFTERDAR,41.03746456,28.92574623
1,Akaryakıt,-99,Bilinmiyor,-99,Bilinmiyor,1,Aktif,1823,KÜÇÜKÇEKMECE,40582,ATAKENT,41.06121582,28.77545646
2,Akaryakıt Lpg,10,Opet,10,Aygaz,1,Aktif,1449,KARTAL,40565,ORTA,40.91055037,29.21150787
2,Akaryakıt Lpg,12,Petrol Ofisi,36,Petro Gaz,1,Aktif,2004,BAĞCILAR,40170,MAHMUTBEY,41.05882767,28.83104024
2,Akaryakıt Lpg,3,Aytemiz,11,Aytemiz,1,Aktif,1604,SARIYER,40673,POLİGON,41.11233072,29.04087981
2,Akaryakıt Lpg,3,Aytemiz,11,Aytemiz,1,Aktif,1663,ŞİŞLİ,40697,HALİL RIFAT PAŞA,41.05850689,28.9656509
2,Akaryakıt Lpg,3,Aytemiz,11,Aytemiz,1,Aktif,2053,ESENYURT,181508,SULTANİYE,41.02169457,28.68757661
2,Akaryakıt Lpg,5,BP,14,Bp Gaz,1,Aktif,2049,ATAŞEHİR,40533,KAYIŞDAĞI,40.97938354,29.12716424
1,Akaryakıt,10,Opet,-99,Bilinmiyor,1,Aktif,1622,SİLİVRİ,40940,SELİMPAŞA,41.06387731,28.32291996
1,Akaryakıt,13,Shell-Turcas Petrol,-99,Bilinmiyor,1,Aktif,1327,FATİH,99142,ZEYREK,41.01670771,28.95509422
2,Akaryakıt Lpg,10,Opet,29,Mogaz,1,Aktif,2052,ÇEKMEKÖY,191999,SIRAPINAR,41.10996478,29.3107026
2,Akaryakıt Lpg,12,Petrol Ofisi,47,Pogaz,1,Aktif,2053,ESENYURT,181500,ZAFER,41.01160712,28.67935911
1,Akaryakıt,12,Petrol Ofisi,-99,Bilinmiyor,1,Aktif,1604,SARIYER,40704,MASLAK,41.1157716,29.02328368
2,Akaryakıt Lpg,22,KadOil,29,Mogaz,1,Aktif,1782,BÜYÜKÇEKMECE,40846,CUMHURİYET,41.02319873,28.6186876
2,Akaryakıt Lpg,13,Shell-Turcas Petrol,39,Shell Gaz,1,Aktif,1823,KÜÇÜKÇEKMECE,40606,FATİH,40.98684199,28.76996141
1,Akaryakıt,7,Enerji Petrol,-99,Bilinmiyor,1,Aktif,2014,SULTANBEYLİ,40947,TURGUT REİS,40.96441708,29.28132338
2,Akaryakıt Lpg,10,Opet,10,Aygaz,1,Aktif,1663,ŞİŞLİ,40687,BOZKURT,41.04841645,28.98502515
2,Akaryakıt Lpg,12,Petrol Ofisi,47,Pogaz,1,Aktif,2054,SANCAKTEPE,40574,VEYSEL KARANİ,40.9749286,29.24066147
2,Akaryakıt Lpg,5,BP,14,Bp Gaz,1,Aktif,1166,BAKIRKÖY,40197,KARTALTEPE,40.98784904,28.88374387
1,Akaryakıt,12,Petrol Ofisi,-99,Bilinmiyor,1,Aktif,2015,TUZLA,40729,ORTA,40.89881483,29.36930541
2,Akaryakıt Lpg,13,Shell-Turcas Petrol,39,Shell Gaz,1,Aktif,2012,MALTEPE,40618,GİRNE,40.93891894,29.13621962
1,Akaryakıt,12,Petrol Ofisi,-99,Bilinmiyor,1,Aktif,1622,SİLİVRİ,40933,FEVZİPAŞA,41.09495896,27.99693737
2,Akaryakıt Lpg,15,Total,42,Totalgaz,1,Aktif,2048,ARNAVUTKÖY,40906,ÖMERLİ,41.11753578,28.6294065
2,Akaryakıt Lpg,12,Petrol Ofisi,14,Bp Gaz,1,Aktif,2016,ESENLER,40355,ORUÇREİS,41.07131312,28.86789576
1,Akaryakıt,15,Total,-99,Bilinmiyor,1,Aktif,2003,AVCILAR,,,41.05779921,28.71278394
2,Akaryakıt Lpg,12,Petrol Ofisi,37,Petrol Ofisi,1,Aktif,2052,ÇEKMEKÖY,,,41.07607571,29.27753471
2,Akaryakıt Lpg,-99,Bilinmiyor,-99,Bilinmiyor,1,Aktif,2050,BAŞAKŞEHİR,40583,KAYABAŞI,,
2,Akaryakıt Lpg,3,Aytemiz,11,Aytemiz,1,Aktif,2015,TUZLA,40722,ŞİFA,40.8172561,29.36250854
3,Lpg,-99,Bilinmiyor,10,Aygaz,1,Aktif,1886,BAYRAMPAŞA,40209,İSMET PAŞA,41.04098619,28.90970507
2,Akaryakıt Lpg,10,Opet,10,Aygaz,1,Aktif,1185,BEYKOZ,40241,ÇUBUKLU,41.09487573,29.09087267
2,Akaryakıt Lpg,10,Opet,10,Aygaz,1,Aktif,2015,TUZLA,40731,FATİH,40.91728049,29.35200438
2,Akaryakıt Lpg,15,Total,42,Totalgaz,1,Aktif,2052,ÇEKMEKÖY,40749,ALEMDAĞ,41.05215547,29.23965046
2,Akaryakıt Lpg,12,Petrol Ofisi,10,Aygaz,1,Aktif,2053,ESENYURT,40880,AKÇABURGAZ,41.0795274,28.62598391
2,Akaryakıt Lpg,5,BP,14,Bp Gaz,1,Aktif,1327,FATİH,99129,HASEKİ SULTAN,41.00707534,28.93679318
1,Akaryakıt,12,Petrol Ofisi,-99,Bilinmiyor,1,Aktif,1782,BÜYÜKÇEKMECE,40882,BAHÇELİEVLER,41.0179062,28.48309223
2,Akaryakıt Lpg,10,Opet,10,Aygaz,1,Aktif,1622,SİLİVRİ,40935,GÜMÜŞYAKA,41.08393012,28.03649832
2,Akaryakıt Lpg,5,BP,14,Bp Gaz,1,Aktif,1708,ÜSKÜDAR,40786,BARBAROS,41.01651772,29.03016851
2,Akaryakıt Lpg,12,Petrol Ofisi,10,Aygaz,1,Aktif,2010,GÜNGÖREN,40506,MEHMET NESİH ÖZMEN,41.01724195,28.89044913
1,Akaryakıt,13,Shell-Turcas Petrol,-99,Bilinmiyor,1,Aktif,1325,EYÜPSULTAN,40374,SAKARYA,41.06626839,28.94297153
2,Akaryakıt Lpg,12,Petrol Ofisi,47,Pogaz,1,Aktif,1186,BEYOĞLU,40294,ÖMER AVNİ,41.03532153,28.99380776
2,Akaryakıt Lpg,10,Opet,10,Aygaz,1,Aktif,2012,MALTEPE,40615,BAĞLARBAŞI,40.9291274,29.14617914
2,Akaryakıt Lpg,10,Opet,10,Aygaz,1,Aktif,2054,SANCAKTEPE,40763,SARIGAZİ,41.00791108,29.20168331
2,Akaryakıt Lpg,13,Shell-Turcas Petrol,39,Shell Gaz,1,Aktif,1886,BAYRAMPAŞA,40206,TERAZİDERE,41.03408268,28.89697833
1,Akaryakıt,13,Shell-Turcas Petrol,-99,Bilinmiyor,1,Aktif,1823,KÜÇÜKÇEKMECE,40593,TEVFİKBEY,41.00999857,28.7943201
2,Akaryakıt Lpg,33,Pasifik,10,Aygaz,1,Aktif,1237,ÇATALCA,40898,KALEİÇİ,41.15802798,28.45400215
1,Akaryakıt,13,Shell-Turcas Petrol,-99,Bilinmiyor,1,Aktif,1622,SİLİVRİ,40941,BÜYÜK ÇAVUŞLU,41.20384889,28.07676941
2,Akaryakıt Lpg,10,Opet,10,Aygaz,1,Aktif,1852,ÜMRANİYE,40748,ATAKENT,41.02308828,29.108036
1,Akaryakıt,5,BP,-99,Bilinmiyor,1,Aktif,1886,BAYRAMPAŞA,40211,KARTALTEPE,41.05569525,28.89676411
1,Akaryakıt,10,Opet,-99,Bilinmiyor,1,Aktif,1782,BÜYÜKÇEKMECE,40846,CUMHURİYET,41.01896944,28.63108952
1,Akaryakıt,5,BP,-99,Bilinmiyor,1,Aktif,1604,SARIYER,191777,USKUMRUKÖY,41.19144222,29.03680574
1,Akaryakıt,22,KadOil,-99,Bilinmiyor,1,Aktif,1622,SİLİVRİ,40940,SELİMPAŞA,41.06504724,28.3209861
1,Akaryakıt,5,BP,-99,Bilinmiyor,1,Aktif,1708,ÜSKÜDAR,98666,ÇENGELKÖY,41.05192001,29.05209435
2,Akaryakıt Lpg,15,Total,42,Totalgaz,1,Aktif,1449,KARTAL,40556,CUMHURİYET,40.91051823,29.21605159
1,Akaryakıt,15,Total,42,Totalgaz,1,Aktif,2014,SULTANBEYLİ,40956,AKŞEMSETTİN,40.95121784,29.29730485
2,Akaryakıt Lpg,12,Petrol Ofisi,47,Pogaz,1,Aktif,1659,ŞİLE,40959,ÇAVUŞ,41.15688719,29.6282651
2,Akaryakıt Lpg,27,Türkiye Petrol,-99,Bilinmiyor,1,Aktif,1823,KÜÇÜKÇEKMECE,40588,KARTALTEPE,41.00021027,28.80072929
2,Akaryakıt Lpg,12,Petrol Ofisi,47,Pogaz,1,Aktif,2012,MALTEPE,40614,CEVİZLİ,40.91644049,29.1466845
1,Akaryakıt,3,Aytemiz,-99,Bilinmiyor,1,Aktif,1659,ŞİLE,191861,AHMETLİ,41.144407,29.5762935
2,Akaryakıt Lpg,2,Alpet,48,Exen Gaz,1,Aktif,2051,BEYLİKDÜZÜ,40870,DEREAĞZI,40.98943024,28.61889796
2,Akaryakıt Lpg,12,Petrol Ofisi,28,Milangaz,1,Aktif,2049,ATAŞEHİR,40577,FERHATPAŞA,40.98135375,29.16506433
1,Akaryakıt,13,Shell-Turcas Petrol,-99,Bilinmiyor,1,Aktif,1336,GAZİOSMANPAŞA,40461,KAZIM KARABEKİR,41.0837214,28.90890001
2,Akaryakıt Lpg,31,Uspet,36,Petro Gaz,1,Aktif,1835,PENDİK,40633,BATI,40.87931655,29.22049877
1,Akaryakıt,5,BP,-99,Bilinmiyor,1,Aktif,1810,KAĞITHANE,40546,ORTABAYIR,41.07888405,29.00292394
1,Akaryakıt,10,Opet,-99,Bilinmiyor,1,Aktif,1663,ŞİŞLİ,40697,HALİL RIFAT PAŞA,41.05653604,28.96513367
1,Akaryakıt,13,Shell-Turcas Petrol,-99,Bilinmiyor,1,Aktif,1622,SİLİVRİ,40923,MİMAR SİNAN,41.08185536,28.21834158
1,Akaryakıt,27,Türkiye Petrol,-99,Bilinmiyor,1,Aktif,1325,EYÜPSULTAN,40359,ALİBEYKÖY,41.08344499,28.94887753
2,Akaryakıt Lpg,13,Shell-Turcas Petrol,39,Shell Gaz,1,Aktif,1327,FATİH,99135,TOPKAPI,41.01813018,28.92844201
2,Akaryakıt Lpg,10,Opet,10,Aygaz,1,Aktif,2055,SULTANGAZİ,40465,CUMHURİYET,41.08989876,28.88303667
1,Akaryakıt,5,BP,-99,Bilinmiyor,1,Aktif,1449,KARTAL,40567,SOĞANLIK YENİ,40.91082712,29.19910787
2,Akaryakıt Lpg,15,Total,42,Totalgaz,1,Aktif,1336,GAZİOSMANPAŞA,40463,KARAYOLLARI,41.08065521,28.90724531
1,Akaryakıt,13,Shell-Turcas Petrol,-99,Bilinmiyor,1,Aktif,2012,MALTEPE,40612,ALTAYÇEŞME,40.92936189,29.12954455
1,Akaryakıt,12,Petrol Ofisi,-99,Bilinmiyor,1,Aktif,1166,BAKIRKÖY,40196,ATAKÖY 7-8-9-10. KISIM,40.99171034,28.83805773
1,Akaryakıt,10,Opet,10,Aygaz,1,Aktif,2015,TUZLA,40731,FATİH,40.9316241,29.33890266
2,Akaryakıt Lpg,9,LukOil,3,Akpet Gaz,1,Aktif,1782,BÜYÜKÇEKMECE,40868,PINARTEPE,41.01634011,28.62590929
1,Akaryakıt,3,Aytemiz,-99,Bilinmiyor,1,Aktif,2055,SULTANGAZİ,40477,HABİBLER,41.12971549,28.83778866
2,Akaryakıt Lpg,10,Opet,10,Aygaz,1,Aktif,1852,ÜMRANİYE,98701,SARAY,41.02251645,29.11600808
2,Akaryakıt Lpg,10,Opet,10,Aygaz,1,Aktif,2054,SANCAKTEPE,98781,ATATÜRK,41.00851137,29.21597958
2,Akaryakıt Lpg,12,Petrol Ofisi,28,Milangaz,1,Aktif,1663,ŞİŞLİ,40708,PAŞA,41.04799605,28.9686015
1,Akaryakıt,5,BP,-99,Bilinmiyor,1,Aktif,1327,FATİH,40397,İSKENDERPAŞA,41.01637965,28.94926326
2,Akaryakıt Lpg,5,BP,14,Bp Gaz,1,Aktif,1782,BÜYÜKÇEKMECE,40887,MİMAR SİNAN,41.01976026,28.56367183
2,Akaryakıt Lpg,12,Petrol Ofisi,47,Pogaz,1,Aktif,1835,PENDİK,40628,BAHÇELİEVLER,40.8862482,29.23630356
1,Akaryakıt,12,Petrol Ofisi,-99,Bilinmiyor,1,Aktif,2052,ÇEKMEKÖY,40749,ALEMDAĞ,41.03967624,29.23452196
2,Akaryakıt Lpg,3,Aytemiz,11,Aytemiz,1,Aktif,1421,KADIKÖY,40528,19 MAYIS,40.97755127,29.097093
1,Akaryakıt,13,Shell-Turcas Petrol,-99,Bilinmiyor,1,Aktif,1739,ZEYTİNBURNU,40836,VELİEFENDİ,40.99509797,28.89498736
1,Akaryakıt,13,Shell-Turcas Petrol,-99,Bilinmiyor,1,Aktif,1886,BAYRAMPAŞA,40208,YENİDOĞAN,41.03959059,28.9113182
2,Akaryakıt Lpg,5,BP,14,Bp Gaz,1,Aktif,1449,KARTAL,40558,ÇAVUŞOĞLU,40.89677383,29.20341709
1,Akaryakıt,13,Shell-Turcas Petrol,-99,Bilinmiyor,1,Aktif,2052,ÇEKMEKÖY,40751,EKŞİOĞLU,41.02688061,29.23974643
1,Akaryakıt,13,Shell-Turcas Petrol,-99,Bilinmiyor,1,Aktif,1604,SARIYER,40680,YENİKÖY,41.1177242,29.06441979
2,Akaryakıt Lpg,5,BP,14,Bp Gaz,1,Aktif,1835,PENDİK,40654,KURTKÖY,40.91494082,29.30364366
2,Akaryakıt Lpg,12,Petrol Ofisi,47,Pogaz,1,Aktif,2051,BEYLİKDÜZÜ,40873,KAVAKLI,40.98367542,28.64388918
1,Akaryakıt,13,Shell-Turcas Petrol,-99,Bilinmiyor,1,Aktif,1604,SARIYER,40661,ÇAYIRBAŞI,41.15603424,29.03575604
2,Akaryakıt Lpg,15,Total,42,Totalgaz,1,Aktif,2004,BAĞCILAR,40162,MERKEZ,41.02964793,28.86681223
1,Akaryakıt,5,BP,-99,Bilinmiyor,1,Aktif,1327,FATİH,99141,ALİ KUŞÇU,41.0177712,28.95090075
2,Akaryakıt Lpg,10,Opet,10,Aygaz,1,Aktif,1449,KARTAL,40555,CEVİZLİ,40.91117178,29.1816818
2,Akaryakıt Lpg,10,Opet,10,Aygaz,1,Aktif,2014,SULTANBEYLİ,40949,ABDURRAHMANGAZİ,40.97128421,29.25725831
2,Akaryakıt Lpg,12,Petrol Ofisi,37,Petrol Ofisi,1,Aktif,2012,MALTEPE,40618,GİRNE,40.93831269,29.14087701
2,Akaryakıt Lpg,13,Shell-Turcas Petrol,39,Shell Gaz,1,Aktif,2010,GÜNGÖREN,40498,GENÇOSMAN,41.02832064,28.87822706
2,Akaryakıt Lpg,13,Shell-Turcas Petrol,25,İpragaz,1,Aktif,1739,ZEYTİNBURNU,40505,TOZKOPARAN,41.0142777,28.90059434
2,Akaryakıt Lpg,9,LukOil,26,Luk Oil,1,Aktif,1708,ÜSKÜDAR,40820,SELİMİYE,41.00983903,29.01226015
1,Akaryakıt,13,Shell-Turcas Petrol,-99,Bilinmiyor,1,Aktif,2012,MALTEPE,40614,CEVİZLİ,40.92344507,29.15101452
2,Akaryakıt Lpg,12,Petrol Ofisi,47,Pogaz,1,Aktif,2055,SULTANGAZİ,40471,50. YIL,41.08708975,28.86891506
1,Akaryakıt,13,Shell-Turcas Petrol,-99,Bilinmiyor,1,Aktif,1852,ÜMRANİYE,98703,ŞERİFALİ,40.99902935,29.15498896
2,Akaryakıt Lpg,14,Termopet Akaryakıt,25,İpragaz,1,Aktif,1237,ÇATALCA,40903,ATATÜRK,41.4101955,28.1854755
2,Akaryakıt Lpg,10,Opet,29,Mogaz,1,Aktif,2054,SANCAKTEPE,40775,MERVE,41.00720945,29.24424775
2,Akaryakıt Lpg,5,BP,14,Bp Gaz,1,Aktif,1739,ZEYTİNBURNU,40836,VELİEFENDİ,40.9939861,28.89457035
2,Akaryakıt Lpg,15,Total,42,Totalgaz,1,Aktif,1708,ÜSKÜDAR,40781,ALTUNİZADE,41.0230893,29.04313523
2,Akaryakıt Lpg,7,Enerji Petrol,52,Enerji Gaz,1,Aktif,2004,BAĞCILAR,40165,YAVUZ SELİM,41.04251084,28.84661452
2,Akaryakıt Lpg,5,BP,14,Bp Gaz,1,Aktif,2012,MALTEPE,40623,ZÜMRÜTEVLER,40.93749563,29.14092765
2,Akaryakıt Lpg,27,Türkiye Petrol,51,Türkiye Petrol,1,Aktif,1739,ZEYTİNBURNU,40842,MERKEZEFENDİ,41.016299,28.91167162
1,Akaryakıt,5,BP,-99,Bilinmiyor,1,Aktif,1782,BÜYÜKÇEKMECE,140376,MİMAROBA,41.01046948,28.53174022
1,Akaryakıt,13,Shell-Turcas Petrol,39,Shell Gaz,1,Aktif,1739,ZEYTİNBURNU,40840,KAZLIÇEŞME,40.98166199,28.89088175
2,Akaryakıt Lpg,-99,Bilinmiyor,-99,Bilinmiyor,1,Aktif,2054,SANCAKTEPE,40624,BÜYÜKBAKKALKÖY,40.98563868,29.20100302
1,Akaryakıt,5,BP,-99,Bilinmiyor,1,Aktif,2005,BAHÇELİEVLER,40177,BAHÇELİEVLER,41.00336557,28.86629591
1,Akaryakıt,13,Shell-Turcas Petrol,-99,Bilinmiyor,1,Aktif,1421,KADIKÖY,40524,ERENKÖY,40.97086977,29.08365389
2,Akaryakıt Lpg,13,Shell-Turcas Petrol,39,Shell Gaz,1,Aktif,2004,BAĞCILAR,40176,100. YIL,41.05629933,28.85260992
1,Akaryakıt,32,Çekoil,-99,Bilinmiyor,1,Aktif,1622,SİLİVRİ,40921,YENİ,41.07231784,28.27391577
2,Akaryakıt Lpg,5,BP,14,Bp Gaz,1,Aktif,2053,ESENYURT,181492,MEVLANA,41.01431716,28.64691482
1,Akaryakıt,5,BP,-99,Bilinmiyor,1,Aktif,1622,SİLİVRİ,40926,SEMİZKUMLAR,41.07527809,28.1328553
2,Akaryakıt Lpg,25,Starpet,29,Mogaz,1,Aktif,2012,MALTEPE,40614,CEVİZLİ,40.92027741,29.14773205
2,Akaryakıt Lpg,5,BP,14,Bp Gaz,1,Aktif,2048,ARNAVUTKÖY,40485,MAVİGÖL,41.2033959,28.75979455
2,Akaryakıt Lpg,10,Opet,10,Aygaz,1,Aktif,2005,BAHÇELİEVLER,40183,YENİBOSNA MERKEZ,41.00988951,28.83102794
1,Akaryakıt,15,Total,-99,Bilinmiyor,1,Aktif,1185,BEYKOZ,191731,İSHAKLI,41.13278022,29.28257141
2,Akaryakıt Lpg,10,Opet,10,Aygaz,1,Aktif,1325,EYÜPSULTAN,40370,MİTHATPAŞA,41.16944965,28.90500865
1,Akaryakıt,21,Turkuaz,-99,Bilinmiyor,1,Aktif,1237,ÇATALCA,40916,KARACAKÖY MERKEZ,41.40368877,28.37736237
2,Akaryakıt Lpg,15,Total,42,Totalgaz,1,Aktif,1336,GAZİOSMANPAŞA,40455,MERKEZ,41.05196898,28.91129632
1,Akaryakıt,10,Opet,10,Aygaz,1,Aktif,1823,KÜÇÜKÇEKMECE,40591,ATATÜRK,41.06029844,28.78955456
2,Akaryakıt Lpg,12,Petrol Ofisi,47,Pogaz,1,Aktif,2048,ARNAVUTKÖY,40908,YEŞİLBAYIR,41.13654881,28.6229764
2,Akaryakıt Lpg,5,BP,14,Bp Gaz,1,Aktif,2050,BAŞAKŞEHİR,40585,ZİYA GÖKALP,41.0841354,28.78432275
2,Akaryakıt Lpg,15,Total,42,Totalgaz,1,Aktif,1185,BEYKOZ,40250,ACARLAR,41.12164292,29.14625501
2,Akaryakıt Lpg,5,BP,14,Bp Gaz,1,Aktif,1810,KAĞITHANE,40543,MERKEZ,41.08524513,28.97806908
2,Akaryakıt Lpg,20,Full,50,Full Gaz,1,Aktif,1835,PENDİK,40628,BAHÇELİEVLER,40.88430941,29.2359367
1,Akaryakıt,3,Aytemiz,-99,Bilinmiyor,1,Aktif,2003,AVCILAR,40154,TAHTAKALE,41.05823633,28.73067151
2,Akaryakıt Lpg,12,Petrol Ofisi,47,Pogaz,1,Aktif,1782,BÜYÜKÇEKMECE,99334,ÇAKMAKLI,41.04084216,28.62583498
2,Akaryakıt Lpg,15,Total,42,Totalgaz,1,Aktif,1663,ŞİŞLİ,40692,ESKİŞEHİR,41.04468951,28.97831723
1,Akaryakıt,-99,Bilinmiyor,-99,Bilinmiyor,1,Aktif,2049,ATAŞEHİR,40526,YENİSAHRA,40.99013038,29.08203929
2,Akaryakıt Lpg,9,LukOil,46,Akpet,1,Aktif,2053,ESENYURT,40881,ATATÜRK,41.03181525,28.65739379
2,Akaryakıt Lpg,12,Petrol Ofisi,10,Aygaz,1,Aktif,2055,SULTANGAZİ,40473,UĞUR MUMCU,41.10404414,28.86197178
2,Akaryakıt Lpg,10,Opet,10,Aygaz,1,Aktif,1823,KÜÇÜKÇEKMECE,40589,GÜLTEPE,40.99291354,28.79361403
2,Akaryakıt Lpg,10,Opet,10,Aygaz,1,Aktif,1708,ÜSKÜDAR,40794,FERAH,41.0314481,29.07960182
2,Akaryakıt Lpg,13,Shell-Turcas Petrol,39,Shell Gaz,1,Aktif,2050,BAŞAKŞEHİR,40581,BAŞAKŞEHİR,41.09846363,28.79100388
2,Akaryakıt Lpg,12,Petrol Ofisi,47,Pogaz,1,Aktif,2048,ARNAVUTKÖY,40478,ARNAVUTKÖY MERKEZ,41.18201676,28.74285376
1,Akaryakıt,12,Petrol Ofisi,-99,Bilinmiyor,1,Aktif,1810,KAĞITHANE,40536,ÇELİKTEPE,41.08336653,28.99973039
1,Akaryakıt,13,Shell-Turcas Petrol,-99,Bilinmiyor,1,Aktif,2005,BAHÇELİEVLER,40183,YENİBOSNA MERKEZ,41.01390184,28.82591129
1,Akaryakıt,12,Petrol Ofisi,-99,Bilinmiyor,1,Aktif,1823,KÜÇÜKÇEKMECE,40592,İNÖNÜ,41.01578731,28.80376468
1,Akaryakıt,-99,Bilinmiyor,-99,Bilinmiyor,1,Aktif,1835,PENDİK,,,40.90179529,29.2470672
2,Akaryakıt Lpg,13,Shell-Turcas Petrol,-99,Bilinmiyor,1,Aktif,1185,BEYKOZ,,,41.06738261,29.27611352
2,Akaryakıt Lpg,12,Petrol Ofisi,47,Pogaz,1,Aktif,1810,KAĞITHANE,40535,ÇAĞLAYAN,41.08103855,28.98676537
1,Akaryakıt,12,Petrol Ofisi,-99,Bilinmiyor,1,Aktif,1327,FATİH,99142,ZEYREK,41.01876263,28.95443025
2,Akaryakıt Lpg,10,Opet,33,Opet,1,Aktif,1663,ŞİŞLİ,40706,MERKEZ,41.06569501,28.98749277
1,Akaryakıt,10,Opet,-99,Bilinmiyor,1,Aktif,1327,FATİH,40422,DERVİŞ ALİ,41.02980115,28.93902429
2,Akaryakıt Lpg,2,Alpet,48,Exen Gaz,1,Aktif,2051,BEYLİKDÜZÜ,40869,ADNAN KAHVECİ,40.99610084,28.6252887
1,Akaryakıt,12,Petrol Ofisi,-99,Bilinmiyor,1,Aktif,1622,SİLİVRİ,40941,BÜYÜK ÇAVUŞLU,41.22622091,28.06378658
2,Akaryakıt Lpg,10,Opet,10,Aygaz,1,Aktif,1336,GAZİOSMANPAŞA,40460,YENİ MAHALLE,41.08161319,28.8962495
2,Akaryakıt Lpg,10,Opet,10,Aygaz,1,Aktif,1708,ÜSKÜDAR,40820,SELİMİYE,41.00831569,29.02304984
1,Akaryakıt,13,Shell-Turcas Petrol,-99,Bilinmiyor,1,Aktif,1604,SARIYER,40704,MASLAK,41.11754302,29.02355514
1,Akaryakıt,15,Total,-99,Bilinmiyor,1,Aktif,1622,SİLİVRİ,40921,YENİ,41.07458129,28.2617832
2,Akaryakıt Lpg,10,Opet,10,Aygaz,1,Aktif,2004,BAĞCILAR,40173,FEVZİ ÇAKMAK,41.04773828,28.85967769
2,Akaryakıt Lpg,10,Opet,29,Mogaz,1,Aktif,2015,TUZLA,40732,MESCİT,40.88408316,29.34923857
1,Akaryakıt,12,Petrol Ofisi,-99,Bilinmiyor,1,Aktif,2051,BEYLİKDÜZÜ,40894,YAKUPLU,40.98881815,28.66760101
2,Akaryakıt Lpg,15,Total,42,Totalgaz,1,Aktif,2053,ESENYURT,40861,ARDIÇLI,41.04239594,28.6764123
1,Akaryakıt,12,Petrol Ofisi,-99,Bilinmiyor,1,Aktif,2004,BAĞCILAR,40165,YAVUZ SELİM,41.03679069,28.8528852
1,Akaryakıt,15,Total,-99,Bilinmiyor,1,Aktif,1823,KÜÇÜKÇEKMECE,40590,HALKALI MERKEZ,41.03209046,28.80008994
2,Akaryakıt Lpg,5,BP,14,Bp Gaz,1,Aktif,2050,BAŞAKŞEHİR,40872,BAHÇEŞEHİR 2. KISIM,41.06005547,28.68809499
1,Akaryakıt,13,Shell-Turcas Petrol,-99,Bilinmiyor,1,Aktif,2055,SULTANGAZİ,40471,50. YIL,41.09173674,28.86447997
1,Akaryakıt,5,BP,-99,Bilinmiyor,1,Aktif,1185,BEYKOZ,40248,RÜZGARLIBAHÇE,41.09474789,29.09756142
2,Akaryakıt Lpg,10,Opet,10,Aygaz,1,Aktif,2005,BAHÇELİEVLER,40184,ÇOBANÇEŞME,40.99309489,28.82714527
2,Akaryakıt Lpg,2,Alpet,48,Exen Gaz,1,Aktif,1237,ÇATALCA,191791,GÖKÇEALİ,41.19727482,28.44551218
2,Akaryakıt Lpg,5,BP,14,Bp Gaz,1,Aktif,1185,BEYKOZ,40237,GÜMÜŞSUYU,41.1278814,29.09614625
1,Akaryakıt,12,Petrol Ofisi,-99,Bilinmiyor,1,Aktif,2048,ARNAVUTKÖY,99358,MUSTAFA KEMAL PAŞA,41.19165865,28.73369324
2,Akaryakıt Lpg,12,Petrol Ofisi,37,Petrol Ofisi,1,Aktif,2053,ESENYURT,181488,BARBAROS HAYRETTİN PAŞA,41.0168531,28.63926464
2,Akaryakıt Lpg,13,Shell-Turcas Petrol,39,Shell Gaz,1,Aktif,1449,KARTAL,40572,YUKARI,40.88918493,29.1811804
2,Akaryakıt Lpg,5,BP,14,Bp Gaz,1,Aktif,2005,BAHÇELİEVLER,40182,KOCASİNAN MERKEZ,41.02069618,28.84041721
1,Akaryakıt,12,Petrol Ofisi,-99,Bilinmiyor,1,Aktif,1336,GAZİOSMANPAŞA,40458,HÜRRİYET,41.06180709,28.90231997
1,Akaryakıt,12,Petrol Ofisi,-99,Bilinmiyor,1,Aktif,2053,ESENYURT,181492,MEVLANA,41.00649879,28.66754133
2,Akaryakıt Lpg,10,Opet,10,Aygaz,1,Aktif,2053,ESENYURT,181522,KOZA,41.08044666,28.6524485
1,Akaryakıt,12,Petrol Ofisi,-99,Bilinmiyor,1,Aktif,2054,SANCAKTEPE,40759,EMEK,41.00697284,29.18824372
1,Akaryakıt,5,BP,14,Bp Gaz,1,Aktif,2053,ESENYURT,40880,AKÇABURGAZ,41.06737905,28.64951142
2,Akaryakıt Lpg,13,Shell-Turcas Petrol,39,Shell Gaz,1,Aktif,1186,BEYOĞLU,40265,YENİŞEHİR,41.04156691,28.97933781
2,Akaryakıt Lpg,13,Shell-Turcas Petrol,39,Shell Gaz,1,Aktif,2010,GÜNGÖREN,40504,ABDURRAHMAN NAFİZ GÜRMAN,41.00805522,28.89697717
1,Akaryakıt,15,Total,-99,Bilinmiyor,1,Aktif,2049,ATAŞEHİR,40530,İÇERENKÖY,40.96618877,29.10487218
1,Akaryakıt,10,Opet,-99,Bilinmiyor,1,Aktif,2014,SULTANBEYLİ,40947,TURGUT REİS,40.96122581,29.28279741
1,Akaryakıt,13,Shell-Turcas Petrol,-99,Bilinmiyor,1,Aktif,1166,BAKIRKÖY,40190,YENİMAHALLE,40.98161978,28.88431083
1,Akaryakıt,5,BP,-99,Bilinmiyor,1,Aktif,2005,BAHÇELİEVLER,40183,YENİBOSNA MERKEZ,41.01651655,28.81163703
1,Akaryakıt,5,BP,-99,Bilinmiyor,1,Aktif,1852,ÜMRANİYE,98688,CEMİL MERİÇ,41.01667932,29.14160235
2,Akaryakıt Lpg,15,Total,42,Totalgaz,1,Aktif,1622,SİLİVRİ,40935,GÜMÜŞYAKA,41.04359049,28.03589148
1,Akaryakıt,13,Shell-Turcas Petrol,-99,Bilinmiyor,1,Aktif,1886,BAYRAMPAŞA,40209,İSMET PAŞA,41.04060278,28.91167199
2,Akaryakıt Lpg,3,Aytemiz,11,Aytemiz,1,Aktif,1421,KADIKÖY,40529,KOZYATAĞI,40.96764901,29.10274261
2,Akaryakıt Lpg,10,Opet,10,Aygaz,1,Aktif,1186,BEYOĞLU,40302,KEÇECİ PİRİ,41.03833142,28.95672622
2,Akaryakıt Lpg,13,Shell-Turcas Petrol,39,Shell Gaz,1,Aktif,2055,SULTANGAZİ,40474,CEBECİ,41.10887447,28.85970541
1,Akaryakıt,10,Opet,10,Aygaz,1,Aktif,2004,BAĞCILAR,40172,FATİH,41.05473055,28.84050802
2,Akaryakıt Lpg,13,Shell-Turcas Petrol,39,Shell Gaz,1,Aktif,1823,KÜÇÜKÇEKMECE,40605,İSTASYON,41.03370432,28.76812558
2,Akaryakıt Lpg,10,Opet,10,Aygaz,1,Aktif,1449,KARTAL,40566,PETROL İŞ,40.89118955,29.17736785
2,Akaryakıt Lpg,13,Shell-Turcas Petrol,39,Shell Gaz,1,Aktif,1186,BEYOĞLU,40279,İSTİKLAL,41.04063261,28.96738729
2,Akaryakıt Lpg,15,Total,42,Totalgaz,1,Aktif,1336,GAZİOSMANPAŞA,40461,KAZIM KARABEKİR,41.06957312,28.9164633
1,Akaryakıt,13,Shell-Turcas Petrol,-99,Bilinmiyor,1,Aktif,1421,KADIKÖY,40523,BOSTANCI,40.95732295,29.09763305
1,Akaryakıt,9,LukOil,-99,Bilinmiyor,1,Aktif,1663,ŞİŞLİ,40700,HUZUR,41.10294228,28.99991812
2,Akaryakıt Lpg,9,LukOil,46,Akpet,1,Aktif,2053,ESENYURT,181504,AKŞEMSEDDİN,41.02222481,28.70110036
2,Akaryakıt Lpg,12,Petrol Ofisi,47,Pogaz,1,Aktif,2003,AVCILAR,40149,ÜNİVERSİTE,40.99051733,28.71819777
1,Akaryakıt,12,Petrol Ofisi,-99,Bilinmiyor,1,Aktif,2049,ATAŞEHİR,40531,KÜÇÜKBAKKALKÖY,40.98599295,29.10873277
1,Akaryakıt,12,Petrol Ofisi,-99,Bilinmiyor,1,Aktif,1336,GAZİOSMANPAŞA,40459,BARBAROS HAYRETTİN PAŞA,41.07864913,28.89545498
3,Lpg,-99,Bilinmiyor,45,Yurt Gaz,1,Aktif,1336,GAZİOSMANPAŞA,40460,YENİ MAHALLE,41.08082731,28.89435742
2,Akaryakıt Lpg,15,Total,-99,Bilinmiyor,1,Aktif,1166,BAKIRKÖY,40197,KARTALTEPE,40.99700685,28.87159734
2,Akaryakıt Lpg,15,Total,42,Totalgaz,1,Aktif,2004,BAĞCILAR,40170,MAHMUTBEY,41.05805477,28.83089764
2,Akaryakıt Lpg,9,LukOil,3,Akpet Gaz,1,Aktif,2049,ATAŞEHİR,40531,KÜÇÜKBAKKALKÖY,40.98103833,29.13111308
1,Akaryakıt,14,Termopet Akaryakıt,-99,Bilinmiyor,1,Aktif,1622,SİLİVRİ,191847,BEYCİLER,41.23063559,28.11426707
2,Akaryakıt Lpg,15,Total,42,Totalgaz,1,Aktif,1325,EYÜPSULTAN,40365,MERKEZ,41.05667261,28.939119
1,Akaryakıt,10,Opet,34,Petgaz,1,Aktif,1852,ÜMRANİYE,40741,YUKARI DUDULLU,41.01414594,29.16373448
2,Akaryakıt Lpg,5,BP,14,Bp Gaz,1,Aktif,2005,BAHÇELİEVLER,40184,ÇOBANÇEŞME,41.00099729,28.82271767
2,Akaryakıt Lpg,5,BP,14,Bp Gaz,1,Aktif,2053,ESENYURT,40881,ATATÜRK,41.03602095,28.6240577
2,Akaryakıt Lpg,10,Opet,10,Aygaz,1,Aktif,1782,BÜYÜKÇEKMECE,99334,ÇAKMAKLI,41.06395049,28.6219796
2,Akaryakıt Lpg,10,Opet,10,Aygaz,1,Aktif,2053,ESENYURT,40858,SAADETDERE,41.00935027,28.70135904
2,Akaryakıt Lpg,12,Petrol Ofisi,47,Pogaz,1,Aktif,1325,EYÜPSULTAN,40379,GÖKTÜRK MERKEZ,41.17927948,28.88399551
2,Akaryakıt Lpg,24,Bpet,49,Bpet,1,Aktif,1659,ŞİLE,191889,MEŞRUTİYET,41.16792395,29.56129221
1,Akaryakıt,15,Total,-99,Bilinmiyor,1,Aktif,2053,ESENYURT,40858,SAADETDERE,41.00012885,28.6951154
1,Akaryakıt,12,Petrol Ofisi,-99,Bilinmiyor,1,Aktif,1835,PENDİK,40629,FEVZİ ÇAKMAK,40.87370848,29.26604853
1,Akaryakıt,12,Petrol Ofisi,-99,Bilinmiyor,1,Aktif,1886,BAYRAMPAŞA,40207,ALTINTEPSİ,41.04267971,28.89604688
1,Akaryakıt,12,Petrol Ofisi,-99,Bilinmiyor,1,Aktif,1886,BAYRAMPAŞA,40207,ALTINTEPSİ,41.03651323,28.89363037
1,Akaryakıt,5,BP,-99,Bilinmiyor,1,Aktif,1708,ÜSKÜDAR,40789,BURHANİYE,41.02421121,29.05469689
2,Akaryakıt Lpg,10,Opet,10,Aygaz,1,Aktif,1327,FATİH,99127,AKSARAY,41.00370175,28.94995966
2,Akaryakıt Lpg,13,Shell-Turcas Petrol,39,Shell Gaz,1,Aktif,2051,BEYLİKDÜZÜ,40894,YAKUPLU,41.0047102,28.66441315
2,Akaryakıt Lpg,5,BP,-99,Bilinmiyor,1,Aktif,1852,ÜMRANİYE,98695,MADENLER,41.00793467,29.18071075
1,Akaryakıt,12,Petrol Ofisi,-99,Bilinmiyor,1,Aktif,1852,ÜMRANİYE,40748,ATAKENT,41.0227853,29.1096133
2,Akaryakıt Lpg,13,Shell-Turcas Petrol,39,Shell Gaz,1,Aktif,2049,ATAŞEHİR,40795,FETİH,41.00151354,29.07805502
2,Akaryakıt Lpg,9,LukOil,3,Akpet Gaz,1,Aktif,2014,SULTANBEYLİ,40950,MEHMET AKİF,40.96435042,29.27415361
2,Akaryakıt Lpg,10,Opet,-99,Bilinmiyor,1,Aktif,1782,BÜYÜKÇEKMECE,40888,MURAT ÇESME,41.01262049,28.53723371
2,Akaryakıt Lpg,13,Shell-Turcas Petrol,39,Shell Gaz,1,Aktif,2054,SANCAKTEPE,40576,FATİH,40.95854245,29.21479814
2,Akaryakıt Lpg,10,Opet,10,Aygaz,1,Aktif,2004,BAĞCILAR,40175,GÖZTEPE,41.06025487,28.8411575
1,Akaryakıt,10,Opet,-99,Bilinmiyor,1,Aktif,1325,EYÜPSULTAN,40362,DÜĞMECİLER,41.04574924,28.93140871
1,Akaryakıt,5,BP,-99,Bilinmiyor,1,Aktif,2004,BAĞCILAR,40170,MAHMUTBEY,41.04501043,28.82303359
1,Akaryakıt,3,Aytemiz,-99,Bilinmiyor,1,Aktif,1622,SİLİVRİ,40927,ALİPAŞA,41.10731249,28.22173863
2,Akaryakıt Lpg,12,Petrol Ofisi,47,Pogaz,1,Aktif,2015,TUZLA,40726,TEPEÖREN,40.94263139,29.37344999
2,Akaryakıt Lpg,12,Petrol Ofisi,47,Pogaz,1,Aktif,2049,ATAŞEHİR,40530,İÇERENKÖY,40.97919989,29.10475127
1,Akaryakıt,13,Shell-Turcas Petrol,-99,Bilinmiyor,1,Aktif,1166,BAKIRKÖY,40199,ŞENLİKKÖY,40.97264735,28.78982828
1,Akaryakıt,5,BP,-99,Bilinmiyor,1,Aktif,1604,SARIYER,40672,PINAR,41.10851251,29.02328986
2,Akaryakıt Lpg,13,Shell-Turcas Petrol,39,Shell Gaz,1,Aktif,1782,BÜYÜKÇEKMECE,40887,MİMAR SİNAN,41.01743535,28.56224986
1,Akaryakıt,15,Total,-99,Bilinmiyor,1,Aktif,1708,ÜSKÜDAR,40788,BULGURLU,41.01459555,29.07573056
2,Akaryakıt Lpg,5,BP,14,Bp Gaz,1,Aktif,1186,BEYOĞLU,40305,ÖRNEKTEPE,41.05692589,28.95109131
2,Akaryakıt Lpg,10,Opet,10,Aygaz,1,Aktif,1835,PENDİK,40636,HARMANDERE,40.92669114,29.31750646
1,Akaryakıt,5,BP,-99,Bilinmiyor,1,Aktif,1886,BAYRAMPAŞA,40212,KOCATEPE,41.05010145,28.89979986
1,Akaryakıt,5,BP,-99,Bilinmiyor,1,Aktif,2012,MALTEPE,40612,ALTAYÇEŞME,40.93139349,29.12881027
2,Akaryakıt Lpg,10,Opet,10,Aygaz,1,Aktif,1449,KARTAL,40559,ESENTEPE,40.91212164,29.19191256
2,Akaryakıt Lpg,13,Shell-Turcas Petrol,39,Shell Gaz,1,Aktif,2055,SULTANGAZİ,40472,SULTANÇİFTLİĞİ,41.093558,28.86348523
2,Akaryakıt Lpg,-99,Bilinmiyor,-99,Bilinmiyor,1,Aktif,1421,KADIKÖY,40519,MERDİVENKÖY,40.99066123,29.07682169
2,Akaryakıt Lpg,12,Petrol Ofisi,36,Petro Gaz,1,Aktif,2012,MALTEPE,40608,ÇINAR,40.94776756,29.1234393
1,Akaryakıt,15,Total,-99,Bilinmiyor,1,Aktif,1782,BÜYÜKÇEKMECE,40846,CUMHURİYET,41.0243886,28.62363627
2,Akaryakıt Lpg,13,Shell-Turcas Petrol,39,Shell Gaz,1,Aktif,1421,KADIKÖY,40509,ACIBADEM,41.0031846,29.03408572
2,Akaryakıt Lpg,9,LukOil,26,Luk Oil,1,Aktif,2053,ESENYURT,181522,KOZA,41.06871475,28.66075445
2,Akaryakıt Lpg,13,Shell-Turcas Petrol,39,Shell Gaz,1,Aktif,2004,BAĞCILAR,40167,YENİMAHALLE,41.03986548,28.83360109
2,Akaryakıt Lpg,13,Shell-Turcas Petrol,39,Shell Gaz,1,Aktif,1835,PENDİK,40627,DOĞU,40.88151563,29.24040116
1,Akaryakıt,10,Opet,-99,Bilinmiyor,1,Aktif,2016,ESENLER,40349,YAVUZ SELİM,41.03675632,28.88732712
1,Akaryakıt,5,BP,-99,Bilinmiyor,1,Aktif,1782,BÜYÜKÇEKMECE,40884,KUMBURGAZ,41.0283927,28.4598228
2,Akaryakıt Lpg,5,BP,14,Bp Gaz,1,Aktif,2004,BAĞCILAR,40175,GÖZTEPE,41.05403682,28.83352668
2,Akaryakıt Lpg,12,Petrol Ofisi,36,Petro Gaz,1,Aktif,2012,MALTEPE,40614,CEVİZLİ,40.92404171,29.15102638
2,Akaryakıt Lpg,5,BP,10,Aygaz,1,Aktif,1823,KÜÇÜKÇEKMECE,40590,HALKALI MERKEZ,41.0366427,28.79714928
2,Akaryakıt Lpg,13,Shell-Turcas Petrol,39,Shell Gaz,1,Aktif,1622,SİLİVRİ,40941,BÜYÜK ÇAVUŞLU,41.25586386,28.03628635
1,Akaryakıt,13,Shell-Turcas Petrol,-99,Bilinmiyor,1,Aktif,1782,BÜYÜKÇEKMECE,40868,PINARTEPE,41.00105092,28.61802638
2,Akaryakıt Lpg,13,Shell-Turcas Petrol,39,Shell Gaz,1,Aktif,2054,SANCAKTEPE,40624,BÜYÜKBAKKALKÖY,40.98060433,29.22024278
2,Akaryakıt Lpg,5,BP,14,Bp Gaz,1,Aktif,2004,BAĞCILAR,40159,İNÖNÜ,41.02743229,28.84747155
1,Akaryakıt,10,Opet,-99,Bilinmiyor,1,Aktif,2052,ÇEKMEKÖY,40758,ÖMERLİ,41.08802801,29.34381762
1,Akaryakıt,25,Starpet,-99,Bilinmiyor,1,Aktif,2016,ESENLER,40347,MENDERES,41.04137304,28.88090155
2,Akaryakıt Lpg,10,Opet,10,Aygaz,1,Aktif,2010,GÜNGÖREN,40162,MERKEZ,41.02977568,28.86348697
2,Akaryakıt Lpg,13,Shell-Turcas Petrol,39,Shell Gaz,1,Aktif,2004,BAĞCILAR,40170,MAHMUTBEY,41.04460254,28.82071922
2,Akaryakıt Lpg,15,Total,42,Totalgaz,1,Aktif,2012,MALTEPE,40612,ALTAYÇEŞME,40.93971866,29.13335023
2,Akaryakıt Lpg,12,Petrol Ofisi,47,Pogaz,1,Aktif,2053,ESENYURT,40881,ATATÜRK,41.03699088,28.62478209
2,Akaryakıt Lpg,15,Total,42,Totalgaz,1,Aktif,2054,SANCAKTEPE,40761,KEMAL TÜRKLER,41.00390425,29.21688436
2,Akaryakıt Lpg,-99,Bilinmiyor,-99,Bilinmiyor,1,Aktif,1659,ŞİLE,191885,KIZILCA,41.16743031,29.54177093
2,Akaryakıt Lpg,10,Opet,33,Opet,1,Aktif,2055,SULTANGAZİ,40356,ESKİ HABİPLER,41.13196351,28.82696282
2,Akaryakıt Lpg,13,Shell-Turcas Petrol,38,Shell-Turcas Petrol,1,Aktif,1325,EYÜPSULTAN,,,41.19566588,28.82221018
2,Akaryakıt Lpg,-99,Bilinmiyor,-99,Bilinmiyor,1,Aktif,1663,ŞİŞLİ,,,,
