_id,PARK_NAME,LOCATION_NAME,PARK_TYPE_ID,PARK_TYPE_DESC,CAPACITY_OF_PARK,WORKING_TIME,COUNTY_NAME,LONGITUDE,LATITUDE
1,Vali Konağı Caddesi 1,Şişli Vali Konağı Caddes,YOL ÜSTÜ,YOL ÜSTÜ,30,08:00-19:00,ŞİŞLİ,28.9879749441318992,41.0488233569154986
2,Şakayık Sokak 1,Şişli Şakayık Soka,YOL ÜSTÜ,YOL ÜSTÜ,50,08:00-19:00,ŞİŞLİ,28.9955656052444013,41.0495232987717031
3,Hüsrev Gerede Sokak 1,Şişli Hüsrev Gerede Caddes,YOL ÜSTÜ,YOL ÜSTÜ,50,08:00-19:00,ŞİŞLİ,28.9949755781699992,41.0483895406421979
4,Sezai Selek Sokak 1,Seza-i Selek Caddes,YOL ÜSTÜ,YOL ÜSTÜ,50,08:00-19:00,ŞİŞLİ,28.9959741661449009,41.0533861999073011
5,Maçka Caddesi 1,Şişli Maçka Caddes,YOL ÜSTÜ,YOL ÜSTÜ,40,08:00-00:00,ŞİŞLİ,28.9929548331432017,41.046629692524597
6,Maçka Caddesi 6,Şişli Maçka Caddes,YOL ÜSTÜ,YOL ÜSTÜ,50,08:00-00:00,ŞİŞLİ,28.9944976003196011,41.0478293701563004
7,Taşkışla Caddesi 3,Şişli Taşkışla Caddes,YOL ÜSTÜ,YOL ÜSTÜ,0,09:00-21:00,ŞİŞLİ,28.9913023111126016,41.0479375617614011
8,Vefa Bey Sokak 1,Vefabey Soka,YOL ÜSTÜ,YOL ÜSTÜ,37,08:00-18:00,BEŞİKTAŞ,29.0066024007240983,41.0655057224779014
9,Müselles Sokak 2,Müselles Soka,YOL ÜSTÜ,YOL ÜSTÜ,40,07:00-17:00,ŞİŞLİ,29.0115881307145003,41.0688297324024987
10,Alemdağ Caddesi 5,Alemdağ Caddes,YOL ÜSTÜ,YOL ÜSTÜ,20,08:00-19:00,ÜMRANİYE,29.0941080028221997,41.0255312371320002
11,Ihlamur Dere Caddesi 1,Ihlamur Dere Caddes,YOL ÜSTÜ,YOL ÜSTÜ,27,09:00-19:00,BEŞİKTAŞ,29.0034525176202997,41.0438016377939974
12,Ihlamur Dere Caddesi 6,Ihlamur Dere Caddes,YOL ÜSTÜ,YOL ÜSTÜ,27,09:00-19:00,BEŞİKTAŞ,29.0024029610158003,41.046383298895698
13,Dereboyu Caddesi 2,Ortaköy Dereboyu Caddes,YOL ÜSTÜ,YOL ÜSTÜ,22,09:00-18:00,BEŞİKTAŞ,29.0238075739657013,41.0525791949699013
14,Alemdağ Caddesi 21 (Test),Alemdağ Caddes,YOL ÜSTÜ,YOL ÜSTÜ,500,08:00-19:00,ÜMRANİYE,29.0992011597313009,41.0253098598845014
15,Karakol Caddesi 1,Karakol Caddes,YOL ÜSTÜ,YOL ÜSTÜ,18,08:00-19:00,BEŞİKTAŞ,29.0164071577362996,41.075402984182702
16,Gonca Esnaf Önü 1,Levent Esnaf Ön,YOL ÜSTÜ,YOL ÜSTÜ,23,08:00-19:00,BEŞİKTAŞ,29.0166958601018017,41.0759943082713974
17,Bosna Bulvarı 4,Ümraniye Bosna Bulvar,YOL ÜSTÜ,YOL ÜSTÜ,40,08:00-19:00,ÜMRANİYE,29.0844743268431003,41.024938615784599
18,Hakimiyet-i Milliye Caddesi 2,Üsküdar Hakimiyet-i Milliye Caddes,YOL ÜSTÜ,YOL ÜSTÜ,25,08:00-19:00,ÜSKÜDAR,29.0160325169563009,41.0225429704273026
19,Perşembe Pazarı 2,Karaköy Perşembe Pazar,YOL ÜSTÜ,YOL ÜSTÜ,32,08:00-18:00,BEYOĞLU,28.9702788851638999,41.0241210457322012
20,Poyraz Yol Üstü 6,Poyraz Yol Üst,YOL ÜSTÜ,YOL ÜSTÜ,36,08:00-18:00,KADIKÖY,29.040502641684899,40.9920091951618986
21,Ataşehir Bulvarı 5,Ataşehir Bulvar,YOL ÜSTÜ,YOL ÜSTÜ,25,08:00-18:00,ATAŞEHİR,29.125319123268099,40.9928440484049972
22,Kabataş Set Üstü 1,Kabataş Setüst,YOL ÜSTÜ,YOL ÜSTÜ,60,08:00-18:00,BEYOĞLU,28.9939445232644992,41.03618849195
23,Atatürk Bulvarı,Atatürk Bulvarı ,YOL ÜSTÜ,YOL ÜSTÜ,50,07:30-18:30,FATİH,28.9535198446565012,41.0122623682819025
24,Rumeli Hisar Önü Açık Otoparkı,Rumeli Hisar Ön,AÇIK OTOPARK,AÇIK OTOPARK,70,24 Saat,SARIYER,29.0567112087023993,41.0854593814071976
25,İstinye 3 ( Hastane Karşısı ),İstinye Caddes,YOL ÜSTÜ,YOL ÜSTÜ,25,08:00-18:00,SARIYER,29.0561602469287017,41.1149636096172983
26,Sarıyer Deresi Sokak 1,Sarıyer Deresi Soka,YOL ÜSTÜ,YOL ÜSTÜ,13,08:00-18:00,SARIYER,29.0570374249282999,41.1688570495517965
27,Kazım Özalp Sokak 4,Kazım Özalp Soka,YOL ÜSTÜ,YOL ÜSTÜ,40,09:00-20:00,KADIKÖY,29.0749115135856009,40.961186620975603
28,Kazım Özalp Sokak 8,Kazım Özalp Soka,YOL ÜSTÜ,YOL ÜSTÜ,40,09:00-20:00,KADIKÖY,29.0773943554360983,40.9635441572401007
29,Yalı Köşkü Caddesi 1,Yalı Köşkü Caddes,YOL ÜSTÜ,YOL ÜSTÜ,100,07:00-22:00,FATİH,28.9754037237856998,41.0162288353241991
30,Kartal Hürriyet Caddesi 2,Kartal Hürriyet Caddes,YOL ÜSTÜ,YOL ÜSTÜ,30,08:00-18:00,KARTAL,29.1862580075555016,40.8890847976313978
31,Kartal Hürriyet Caddesi 4,Kartal Hürriyet Caddes,YOL ÜSTÜ,YOL ÜSTÜ,30,08:00-18:00,KARTAL,29.1883651661648997,40.8894515025412986
32,Kartal Savarona Caddesi 1,Kartal Savarona Caddes,YOL ÜSTÜ,YOL ÜSTÜ,50,08:00-18:00,KARTAL,29.1830874212264,40.8872001154772988
33,Pendik Lokman Hekim Caddesi 1,Pendik Lokman Hekim Caddes,YOL ÜSTÜ,YOL ÜSTÜ,25,09:00-19:00,PENDİK,29.2352065289302985,40.8794321103301996
34,Gonca Sokak 2,Gonca Soka,YOL ÜSTÜ,YOL ÜSTÜ,16,08:00-19:00,BEŞİKTAŞ,29.0169571733482989,41.0759876415464973
35,Oda Kule Önü 1,Odakule Ön,YOL ÜSTÜ,YOL ÜSTÜ,30,07:00-00:00,BEYOĞLU,28.9750607519810011,41.0322512079753992
36,Nakilbent Sokak,Nakilbent Soka,YOL ÜSTÜ,YOL ÜSTÜ,80,08:00-02:00,FATİH,28.9742909689497985,41.0039627453483035
37,Dostluk Yurdu 1,Dostluk Yurdu Soka,YOL ÜSTÜ,YOL ÜSTÜ,50,07:00-18:00,FATİH,28.972775205701101,41.0070887352289972
38,Güvenlik Caddesi 1,Güvenlik Caddes,YOL ÜSTÜ,YOL ÜSTÜ,35,08:00-18:00,FATİH,28.9566929102632997,41.0070291781100025
39,Fuat Paşa Caddesi 2,Fuat Paşa Caddes,YOL ÜSTÜ,YOL ÜSTÜ,40,07:30-18:00,FATİH,28.9660081824419997,41.0129156905849968
40,Fuat Paşa Caddesi 3,Fuat Paşa Caddes,YOL ÜSTÜ,YOL ÜSTÜ,30,07:30-18:00,FATİH,28.9659907739697005,41.0133649365751012
41,Ataşehir Bulvarı 15,Ataşehir Bulvar,YOL ÜSTÜ,YOL ÜSTÜ,20,08:00-18:00,ATAŞEHİR,29.1210544109343985,40.9927468719206018
42,Fevzipaşa Caddesi 9,Fevzipaşa Caddes,YOL ÜSTÜ,YOL ÜSTÜ,30,08:00-19:00,FATİH,28.9488512660959998,41.0181810129679008
43,Fevzipaşa Caddesi 11,Fevzipaşa Caddes,YOL ÜSTÜ,YOL ÜSTÜ,30,08:00-19:00,FATİH,28.9476636434165009,41.0193617448972034
44,Fevzipaşa Caddesi 19,Fevzipaşa Caddes,YOL ÜSTÜ,YOL ÜSTÜ,30,08:00-19:00,FATİH,28.9443834258776995,41.0227432485519969
45,Samatya Sahil,Samatya Sahi,AÇIK OTOPARK,AÇIK OTOPARK,80,12:00-22:00,FATİH,28.9327923970387992,40.9989448342937024
46,Hasanpaşa Muhtarlık Açık Otoparkı,Hasanpaşa Muhtarlık Açık Otopark,AÇIK OTOPARK,AÇIK OTOPARK,100,08:00-22:00,KADIKÖY,29.0429124017311011,40.9973787421223008
47,Akdeniz Caddesi 4,Akdeniz Caddes,YOL ÜSTÜ,YOL ÜSTÜ,25,08:00-19:00,FATİH,28.9470128094271004,41.0194602703946032
48,Bakırköy İstanbul Caddesi 9,Bakırköy İstanbul Caddes,YOL ÜSTÜ,YOL ÜSTÜ,45,08:00-19:00,BAKIRKÖY,28.879683562183299,40.9787060704662025
49,Zeytinburnu 58. Bulvar 3,Zeytinburnu 58. Bulva,YOL ÜSTÜ,YOL ÜSTÜ,34,09:00-19:00,ZEYTİNBURNU,28.9038273488434001,40.9929976511757985
50,Bayrampaşa Numunebağı Caddesi 2,Bayrampaşa Numunebağı Caddes,YOL ÜSTÜ,YOL ÜSTÜ,50,08:00-18:00,BAYRAMPAŞA,28.9144279829179993,41.0321010288980972
51,Bayrampaşa Numunebağı Caddesi 3,Bayrampaşa Numunebağı Caddes,YOL ÜSTÜ,YOL ÜSTÜ,50,08:00-18:00,BAYRAMPAŞA,28.9143639643179,41.0319549000145969
52,Ahmet Kutsi Tecer Caddesi 1,Ahmet Kutsi Tecer Caddes,YOL ÜSTÜ,YOL ÜSTÜ,50,08:00-18:00,GÜNGÖREN,28.8870346708831001,41.0087304607920018
53,Ahmet Kutsi Tecer Caddesi 13,Ahmet Kutsi Tecer Caddes,YOL ÜSTÜ,YOL ÜSTÜ,50,08:00-18:00,GÜNGÖREN,28.8890375123609999,41.0055722093447983
54,Yener Sokak 1,Yener Soka,YOL ÜSTÜ,YOL ÜSTÜ,25,08:00-18:00,BEŞİKTAŞ,29.0092500399385997,41.0642034983461031
55,Sabancı Öğretmen Evi Önü 3,Sabancı Öğretmen Evi Ön,YOL ÜSTÜ,YOL ÜSTÜ,27,09:00-20:00,BEYKOZ,29.0655460030057,41.0800099578934024
56,Yeşilköy İstasyon Caddesi 3,Yeşilköy İstasyon Caddes,YOL ÜSTÜ,YOL ÜSTÜ,50,08:00-18:00,BAKIRKÖY,28.8245124883387014,40.9614558311587018
57,Yeşilköy İstasyon Caddesi 10,Yeşilköy İstasyon Caddes,YOL ÜSTÜ,YOL ÜSTÜ,50,08:00-18:00,BAKIRKÖY,28.8237786132742997,40.9603655442850965
58,Yeşilköy İstasyon Caddesi 16,Yeşilköy İstasyon Caddes,YOL ÜSTÜ,YOL ÜSTÜ,50,08:00-18:00,BAKIRKÖY,28.8242237924226004,40.9610007498371971
59,Florya Havuzlu Bahçe,Florya Havuzlu Bahç,AÇIK OTOPARK,AÇIK OTOPARK,135,08:00-19:00,BAKIRKÖY,28.7908059257131015,40.9764200927431972
60,Kartal Balıkçılar Açık,Kartal Balıkçıla,AÇIK OTOPARK,AÇIK OTOPARK,100,08:00-20:00,KARTAL,29.1884276668086997,40.8872483354898009
61,Atatürk Caddesi 2,Silivri Atatürk Caddes,YOL ÜSTÜ,YOL ÜSTÜ,30,09:00-23:00,SİLİVRİ,28.2435637532273986,41.0736699215228995
62,Atatürk Caddesi 6 (0-20 Dakika Ücretsiz),Silivri Atatürk Caddes,YOL ÜSTÜ,YOL ÜSTÜ,50,09:00-23:00,SİLİVRİ,28.2434785971314994,41.0720742205140965
63,Maslak P+R Yol Üstü,Maslak P+,AÇIK OTOPARK,AÇIK OTOPARK,150,24 Saat,SARIYER,29.0240957205859011,41.1166408097176017
64,Topkapı Minibüs Peronları,Topkapı Minibüs Peronlar,MİNİBÜS PARK,MİNİBÜS PARK,270,24 Saat,ZEYTİNBURNU,28.9186752225452004,41.0181631499640034
65,Karaköy Katlı,Karaköy Katl,KAPALI OTOPARK,KAPALI OTOPARK,600,24 Saat,BEYOĞLU,28.9772178004033982,41.0228939059538007
66,Bakırköy İdo İskele Önü,Bakırköy İdo İskelesi Ön,AÇIK OTOPARK,AÇIK OTOPARK,300,24 Saat,BAKIRKÖY,28.8760401946348004,40.9739659289558986
67,Sanatkarlar Caddesi 1,Silivri Sanatkarlar Caddes,YOL ÜSTÜ,YOL ÜSTÜ,70,09:00-21:00,SİLİVRİ,28.2441313939181988,41.0758050632096001
68,Ortaköy Açık,Ortaköy Açı,AÇIK OTOPARK,AÇIK OTOPARK,200,24 Saat,BEŞİKTAŞ,29.032599845326601,41.0504156993832012
69,Savaş Caddesi 3,Savaş Caddes,YOL ÜSTÜ,YOL ÜSTÜ,40,08:00-18:00,GÜNGÖREN,28.8874200969570012,41.0128304641925965
70,Capitol Avm Önü Taksi Durağı,Capitol Avm Önü Taksi Durağ,TAKSİ PARK,TAKSİ PARK,5,11:00-19:00,ÜSKÜDAR,29.0391826472462995,41.0213193943725969
71,Harbiye Zemin Altı Otoparkı,Harbiye Zemin Altı Otopark,KAPALI OTOPARK,KAPALI OTOPARK,142,24 Saat,BEYOĞLU,28.9878819798618999,41.0405398332228017
72,Kadıköy İski Açık Otoparkı,Kadıköy İski Açık Otopark,AÇIK OTOPARK,AÇIK OTOPARK,89,24 Saat,KADIKÖY,29.0208041667937984,40.9873655005234028
73,Bostancı Açık,Bostancı Açı,AÇIK OTOPARK,AÇIK OTOPARK,375,24 Saat,KADIKÖY,29.0902551716655999,40.9522908984577967
74,Bostancı Sahil-Cep Açık Otoparkı,Bostancı Sahil Ce,AÇIK OTOPARK,AÇIK OTOPARK,195,24 Saat,KADIKÖY,29.0884872903546992,40.9545232644902981
75,Pendik Katlı Otoparkı,Pendik Katl,KAPALI OTOPARK,KAPALI OTOPARK,120,24 Saat,PENDİK,29.234181996561901,40.8789348795230012
76,Ümraniye Katlı Otoparkı,Ümraniye Katlı Otopark,KAPALI OTOPARK,KAPALI OTOPARK,665,24 Saat,ÜMRANİYE,29.0953349757127988,41.0260923032182987
77,Haldun Alagaş Katlı Otoparkı,Haldun Alagaş Katl,KAPALI OTOPARK,KAPALI OTOPARK,240,24 Saat,ÜMRANİYE,29.1050952305836006,41.0260703724596993
78,Mevlana Yeraltı Katlı Otoparkı,Mevlana Yer Altı Otopark,KAPALI OTOPARK,KAPALI OTOPARK,1000,24 Saat,ZEYTİNBURNU,28.9046359211768014,41.0056588258871031
79,Kartal Hasan Doğan Spor Kompleksi,Kartal Hasan Doğan Spor Kompleks,KAPALI OTOPARK,KAPALI OTOPARK,400,24 Saat,KARTAL,29.1899115899830015,40.8925343906161984
80,Haseki Caddesi 1,Haseki Caddes,YOL ÜSTÜ,YOL ÜSTÜ,32,07:30-18:00,FATİH,28.9440397407985017,41.0091178228886974
81,Siyavuşpaşa Yer Altı Otoparkı,Siyavuşpaşa Yer Altı Otopark,KAPALI OTOPARK,KAPALI OTOPARK,155,24 Saat,BAHÇELİEVLER,28.8531558095713017,40.9965135143159003
82,Ataşehir Bulvarı Taksi Durağı,Ataşehir Bulvarı Taksi Durağ,TAKSİ PARK,TAKSİ PARK,30,08:00-16:00,ATAŞEHİR,29.1267067463254001,40.9925719800084991
83,Gençler Caddesi 2,Gençler Caddes,YOL ÜSTÜ,YOL ÜSTÜ,35,08:00-19:00,BAKIRKÖY,28.8713505624634017,40.9805144708769973
84,Hacıosman Metro Yer Altı Otoparkı,Hacıosman Metro Yer Altı Otopark,KAPALI OTOPARK,KAPALI OTOPARK,422,24 Saat,SARIYER,29.030520644207801,41.1401615874358981
85,Deniz Feneri Otoparkı,Deniz Feneri Otopark,AÇIK OTOPARK,AÇIK OTOPARK,175,24 Saat,FATİH,28.9772077552261997,41.001933670859998
86,Mete Caddesi 2,Mete Caddes,YOL ÜSTÜ,YOL ÜSTÜ,25,07:30-20:30,BEYOĞLU,28.9883966239611013,41.0389534638448978
87,Mete Caddesi 1,Mete Caddes,YOL ÜSTÜ,YOL ÜSTÜ,25,07:30-20:30,BEYOĞLU,28.9879571839367003,41.0382325596750022
88,İdealtepe Açık Otoparkı,İdealtepe Açık Otopark,AÇIK OTOPARK,AÇIK OTOPARK,181,08:00-01:00,MALTEPE,29.1137193309699995,40.9376691599546021
89,Kadıköy Beşiktaş İskele Önü Taksi Durağı,Kadıköy Beşiktaş İskele Önü Taksi Durağ,TAKSİ PARK,TAKSİ PARK,50,07:00-22:00,KADIKÖY,29.0219934735225991,40.9910509487786001
90,Veteriner Hilmi Sokak Yol Üstü 1,Veteriner Hilmi Sokak Yol Üst,YOL ÜSTÜ,YOL ÜSTÜ,20,08:00-18:00,ŞİŞLİ,28.9891787759173987,41.0602883823350027
91,Deniz Feneri Otoparkı,Deniz Feneri Otopark,AÇIK OTOPARK,AÇIK OTOPARK,175,24 Saat,FATİH,28.9768167414579985,41.0012788362888969
92,Küçükyalı P+R,Küçükyalı P+,AÇIK OTOPARK,AÇIK OTOPARK,150,07:00-18:00,MALTEPE,29.1224592977548014,40.9498978996395024
93,Harbiye Nizamiye Caddesi Yol Üstü Otoparkı 2,Harbiye Nizamiye Caddesi Yol Üstü otopark,YOL ÜSTÜ,YOL ÜSTÜ,40,08:00-18:00,ŞİŞLİ,29.0111186916333992,41.0573220244954982
94,Fişekhane Caddesi 4,Fişekhane Caddes,YOL ÜSTÜ,YOL ÜSTÜ,40,08:00-19:00,BAKIRKÖY,28.8721290488843998,40.9782330778418995
95,İstanbul Anadolu Adalet Sarayı Taksi Durağı,İstanbul Anadolu Adalet Sarayı Taksi Durağ,TAKSİ PARK,TAKSİ PARK,5,08:00-16:00,KARTAL,29.1836059462357014,40.886940191297299
96,İtalyan Hastanesi Karşısı Açık Otoparkı 1,İtalyan Hastanesi Karşısı Açık Otopark,AÇIK OTOPARK,AÇIK OTOPARK,25,09:00-21:00,BEYOĞLU,28.9815741777420008,41.0280590630134014
97,Çamlıbahçe,Bebek Sahil Yol,YOL ÜSTÜ,YOL ÜSTÜ,29,08:00-23:00,BEŞİKTAŞ,29.0456584096227992,41.0702899418073031
98,Rıhtım Caddesi Taksi Durağı,Rıhtım Caddesi Taksi Durağ,TAKSİ PARK,TAKSİ PARK,5,07:00-22:00,KADIKÖY,29.0244884594347994,40.991711168072797
99,Kartal Minibüs Durakları Peronları 1,Kartal Minibüs Durakları Peronlar,MİNİBÜS PARK,MİNİBÜS PARK,700,07:00-21:00,KARTAL,29.1947171188765999,40.8860832998663994
100,Maçka Katlı Otoparkı,Maçka Katlı Otopark,KAPALI OTOPARK,KAPALI OTOPARK,508,24 Saat,ŞİŞLİ,28.9901946237588994,41.0481455846258001
101,Zincirlikuyu Metrobüs Taksi Durağı,Zincirlikuyu Metrobüs Taksi Durağ,TAKSİ PARK,TAKSİ PARK,10,07:00-23:00,ŞİŞLİ,29.0136209681941999,41.0669377908277013
102,Acıbadem Açık Otoparkı,Acıbadem Açık Otopark,AÇIK OTOPARK,AÇIK OTOPARK,100,06:00-19:00,ÜSKÜDAR,29.0574914216994991,41.0156684549270025
103,Belgrad Ormanı Bahçeköy Girişi Açık,Belgrad Ormanı Otopark,AÇIK OTOPARK,AÇIK OTOPARK,5000,06:00-20:00,SARIYER,28.9888536930084015,41.183563490766403
104,Kazlı Çeşme Metro Durağı Önü Taksi Durağı,Kazlıçeşme Metro Durağı Önü Taksi Durağ,TAKSİ PARK,TAKSİ PARK,20,07:00-23:00,ZEYTİNBURNU,28.9169771107005005,40.9928480846644021
105,Gülsuyu Metro Yer Altı Otoparkı,Gülsuyu Metro Yer Altı Otopark,KAPALI OTOPARK,KAPALI OTOPARK,100,07:00-00:00,MALTEPE,29.155027270317099,40.9237701375712035
106,Aslanhane Sokak 1,Aslanhane Soka,YOL ÜSTÜ,YOL ÜSTÜ,26,08:00-19:00,FATİH,28.950486821624601,41.0176966032964003
107,Alibeyköy Cep Otogarı Otobüs Otoparkı,Alibeyköy Cep Otogarı Otobüs Otopark,AÇIK OTOPARK,AÇIK OTOPARK,5000,24 Saat,EYÜP,28.9451551437378001,41.0876321246792031
108,Ataşehir Ihlamur Sokak 1,Ataşehir Ihlamur Soka,YOL ÜSTÜ,YOL ÜSTÜ,50,08:00-18:00,ATAŞEHİR,29.1053795814513983,40.9903356345319025
109,Darülbedai Caddesi 4,Darülbedai Caddes,YOL ÜSTÜ,YOL ÜSTÜ,40,08:00-00:00,ŞİŞLİ,28.9906085281481012,41.0487105124517981
110,Küçüksu Kasrı Açık Otoparkı,Küçüksu Kasrı Açık Otopark,AÇIK OTOPARK,AÇIK OTOPARK,200,07:00-23:00,BEYKOZ,29.0657499432563995,41.0787506573235035
111,Kazlıçeşme Marmaray Açık Otoparkı,Kazlıçeşme Marmaray Açık Otopark,AÇIK OTOPARK,AÇIK OTOPARK,700,24 Saat,ZEYTİNBURNU,28.9165494778442991,40.992230420615499
112,Ümraniye Dr. Fazıl Küçük Caddesi 4,Ümraniye Dr. Fazıl Küçük Caddes,YOL ÜSTÜ,YOL ÜSTÜ,24,08:00-17:00,ÜMRANİYE,29.1124142361762992,41.0271515082272984
113,Pendik Marina 2,Pendik Marin,YOL ÜSTÜ,YOL ÜSTÜ,42,07:30-19:00,PENDİK,29.233581125736201,40.8733932950084977
114,Pendik Sahil Engelliler Merkez Önü,Pendik Sahil Engelliler Merkez Ön,AÇIK OTOPARK,AÇIK OTOPARK,100,10:00-22:00,PENDİK,29.2329454421996999,40.8734074922128983
115,Biruni Üniversitesi Açık Otoparkı,Biruni Üniversitesi Açık Otopark,AÇIK OTOPARK,AÇIK OTOPARK,150,08:00-19:00,ZEYTİNBURNU,28.9201569557190012,41.0042572397971981
116,Dalyan Açık Otoparkı,Dalyan Açık Otopark,AÇIK OTOPARK,AÇIK OTOPARK,120,24 Saat,KADIKÖY,29.0644061565398992,40.9635165705221027
117,Yenikapı Marmaray Büyük Otoparkı,Yenikapı Marmaray Büyük Otopark,AÇIK OTOPARK,AÇIK OTOPARK,300,07:00-23:00,FATİH,28.9504820108414016,41.0056862799103001
118,Beyoğlu Tepebaşı Katlı Otoparkı,Beyoğlu Tepebaşı Katlı Otopark,KAPALI OTOPARK,KAPALI OTOPARK,1005,24 Saat,BEYOĞLU,28.9743643999100016,41.0319095316963001
119,Süleyman Seba Caddesi 6,Süleyman Seba Caddes,YOL ÜSTÜ,YOL ÜSTÜ,30,08:00-19:00,BEŞİKTAŞ,28.9966936380404015,41.0435127249053977
120,Çekmeköy Mimar Sinan Caddesi 1,Çekmeköy Mimar Sinan Caddes,YOL ÜSTÜ,YOL ÜSTÜ,20,08:00-19:00,ÇEKMEKÖY,29.1759082674979986,41.0326945707175028
121,Yeşilköy Mesleki Eğitim Okulu Kapalı Otoparkı,Yeşilköy Mesleki Eğitim Okulu Kapalı Otopark,KAPALI OTOPARK,KAPALI OTOPARK,100,24 Saat,BAKIRKÖY,28.8230609893799006,40.9609584294779978
122,Bostancı Vergi Dairesi Açık Otoparkı,Bostancı Vergi Dairesi Açık Otopark,AÇIK OTOPARK,AÇIK OTOPARK,105,08:00-20:00,ATAŞEHİR,29.1079999343615015,40.9625308244579003
123,Yıldız Kavşağı Yol Üstü Otoparkı,Yıldız Kavşağı Yol Üstü Otopark,YOL ÜSTÜ,YOL ÜSTÜ,20,08:00-18:00,BEŞİKTAŞ,29.0072294331761,41.0503307144633993
124,Bostancı İdo Karşısı Açık Otopark 1,Bostancı İdo Karşısı Açık Otopar,AÇIK OTOPARK,AÇIK OTOPARK,84,24 Saat,KADIKÖY,29.0952541002700009,40.9523911155812002
125,Ragıp Gümüşpala Açık Otoparkı,Ragıp Gümüşpala Açık Otopark,AÇIK OTOPARK,AÇIK OTOPARK,300,24 Saat,FATİH,28.9625353534806003,41.0212728203281003
126,Alibeyköy Cep Otogarı P+R,Alibeyköy Cep Otogarı P+,AÇIK OTOPARK,AÇIK OTOPARK,88,24 Saat,EYÜP,28.9423878505096006,41.0882315132800002
127,Beykoz Pazar Yeri Açık Otoparkı,Beykoz Pazar Yeri Açık Otopark,AÇIK OTOPARK,AÇIK OTOPARK,500,07:00-00:00,BEYKOZ,29.0859021935844986,41.1400111163844002
128,Çırpıcı Sosyal Tesisler,Çırpıcı Sosyal Tesisle,AÇIK OTOPARK,AÇIK OTOPARK,128,24 Saat,ZEYTİNBURNU,28.8925986083327011,40.9999629601201008
129,Kasımpaşa Sosyal Tesisler Otoparkı,Kasımpaşa Sosyal Tesisler Otopark,AÇIK OTOPARK,AÇIK OTOPARK,80,08:00-21:00,BEYOĞLU,28.9669297059177993,41.0298538374374999
130,Gözdağı Sosyal Tesisler  Açık Otoparkı,Gözdağı Sosyal Tesisler Açık Otopark,AÇIK OTOPARK,AÇIK OTOPARK,300,07:00-22:00,PENDİK,29.2531532049179006,40.890758256305098
131,Fatih Akşemsettin Caddesi 1,Fatih Akşemsettin Caddes,YOL ÜSTÜ,YOL ÜSTÜ,30,08:30-19:00,FATİH,28.9444391477411997,41.0220240723352987
132,Fatih Akşemsettin Caddesi 6,Fatih Akşemsettin Caddes,YOL ÜSTÜ,YOL ÜSTÜ,30,08:30-19:00,FATİH,28.9416253566742014,41.0204039943667027
133,Ressam Halim Sokak Açık Otoparkı,Ressam Halim Sokak Açık Otopark,AÇIK OTOPARK,AÇIK OTOPARK,120,24 Saat,BAHÇELİEVLER,28.8639633383605982,40.9968297685814989
134,Bağcılar Emniyet Müdürlüğü Yanı Açık Otoparkı,Bağcılar Emniyet Müdürlüğü Yanı Açık Otopark,AÇIK OTOPARK,AÇIK OTOPARK,100,08:00-18:00,BAĞCILAR,28.8597932017925984,41.0352735759429024
135,Sultanbeyli Kent Meydanı Zemin Altı Otoparkı,Sultanbeyli Kent Meydanı Zemin Altı Otopark,KAPALI OTOPARK,KAPALI OTOPARK,300,24 Saat,SULTANBEYLİ,29.2666420340537989,40.9668422081733965
136,Merter Metro Zeminaltı Otoparkı,Merter Metro Zemin Altı Otopark,KAPALI OTOPARK,KAPALI OTOPARK,242,24 Saat,GÜNGÖREN,28.8898306516076993,41.0037268780431035
137,Şişli Zemin Altı Otoparkı,Şişli Zemin Altı Otopark,KAPALI OTOPARK,KAPALI OTOPARK,581,24 Saat,ŞİŞLİ,28.9991953412736017,41.0641005095346969
138,Uzunçayır Açık Otoparkı,Uzunçayır Açık Otopark,AÇIK OTOPARK,AÇIK OTOPARK,85,06:00-19:00,KADIKÖY,29.0573544076297985,40.9989901689259
139,Pendik Sahil Açık Otoparkı,Pendik Sahil Açık Otopark,AÇIK OTOPARK,AÇIK OTOPARK,400,24 Saat,PENDİK,29.2315689762901982,40.8720327806310024
140,Acıbadem Açık Otoparkı,Acıbadem Açık Otopark,AÇIK OTOPARK,AÇIK OTOPARK,100,06:00-18:00,ÜSKÜDAR,29.0575544375709995,41.0157867785191002
141,Bebek Açık,Bebek Açı,AÇIK OTOPARK,AÇIK OTOPARK,35,24 Saat,BEŞİKTAŞ,29.0434456557705012,41.0769661627345997
142,Ataşehir Bulvarı 21,Ataşehir Bulvar,YOL ÜSTÜ,YOL ÜSTÜ,15,08:00-18:00,ATAŞEHİR,29.1271233332610997,40.9917095878277991
143,Levent Çarşı 3,Levent Çarş,YOL ÜSTÜ,YOL ÜSTÜ,23,08:00-19:00,BEŞİKTAŞ,29.0155525933482004,41.0759293956721976
144,Gençler Caddesi 6,Gençler Caddes,YOL ÜSTÜ,YOL ÜSTÜ,35,08:00-19:00,BAKIRKÖY,28.8720502169508997,40.9806231385266031
145,İspark Merter Katlı Otoparkı,İspark Merter Katlı Otopark,KAPALI OTOPARK,KAPALI OTOPARK,900,24 Saat,GÜNGÖREN,28.8897135955605009,41.003799961924301
146,Ragıp Gümüşpala Açık Otoparkı,Ragıp Gümüşpala Açık Otopark,AÇIK OTOPARK,AÇIK OTOPARK,300,07:00-19:00,FATİH,28.9625371803385008,41.0212466773958013
147,Yenikapı Tünel Üstü Açık Otoparkı,Yenikapı Tünel Üstü Açık Otopark,AÇIK OTOPARK,AÇIK OTOPARK,700,24 Saat,FATİH,28.9540604821248984,41.0024461865613006
148,Pendik Yenişehir Mustafa Akyol Sokak 1,Pendik Yenişehir Mustafa Akyol Soka,YOL ÜSTÜ,YOL ÜSTÜ,115,08:00-19:00,PENDİK,29.3083834663339005,40.9265207879997988
149,Hamidiye Mahallesi Katlı Otoparkı,Hamidiye Mahallesi Katlı Otopark,KAPALI OTOPARK,KAPALI OTOPARK,450,24 Saat,KAĞITHANE,28.9709968956160004,41.0949064167937976
150,Kadıköy Metro 2 Açık Otoparkı,Kadıköy Metro 2 Açık Otopark,AÇIK OTOPARK,AÇIK OTOPARK,100,24 Saat,KADIKÖY,29.0207236770373989,40.9888222286009025
151,Şemsipaşa Açık Otoparkı,Şemsipaşa Açık Otopark,AÇIK OTOPARK,AÇIK OTOPARK,80,24 Saat,ÜSKÜDAR,29.0097754176427003,41.0255479298422969
152,Bağcılar Göztepe Zemin Altı,Bağcılar Göztepe Zemin Alt,KAPALI OTOPARK,KAPALI OTOPARK,120,24 Saat,BAĞCILAR,28.8354305719794013,41.0564331827690978
153,Sabancı Öğretmenevi Açık Otoparkı,Sabancı Öğretmenevi Açık Otopark,AÇIK OTOPARK,AÇIK OTOPARK,350,24 Saat,BEYKOZ,29.0688869508228009,41.0793995821568032
154,Küçüksu Kasrı Açık Otoparkı,Küçüksu Kasrı Açık Otopark,AÇIK OTOPARK,AÇIK OTOPARK,200,07:00-23:00,BEYKOZ,29.0655611359131001,41.0785592750628012
155,Azapkapı Haliç Metro Otoparkı,Azapkapı Haliç Metro Otopark,AÇIK OTOPARK,AÇIK OTOPARK,130,24 Saat,ŞİŞLİ,28.9687443288827993,41.024188581819601
156,Ataşehir Umut Sokak Açık Otoparkı,Ataşehir Umut Sokak Açık Otopark,AÇIK OTOPARK,AÇIK OTOPARK,60,08:00-18:00,ATAŞEHİR,29.1013688141632016,40.9720450780397982
157,Ümraniye Toya Sokak 1,Ümraniye Toya Soka,YOL ÜSTÜ,YOL ÜSTÜ,34,07:45-17:00,ÜMRANİYE,29.1137750926334,41.0263086617048032
158,Yeşilce Zemin Altı Katlı Otoparkı,Yeşilce Zemin Altı Katlı Otopark,KAPALI OTOPARK,KAPALI OTOPARK,769,24 Saat,KAĞITHANE,29.0027566533068999,41.0937237836330027
159,Kartal Savarona Sahil Cep,Kartal Savarona Sahil Ce,AÇIK OTOPARK,AÇIK OTOPARK,60,07:00-18:00,KARTAL,29.1821139433891013,40.8859385368830033
160,Suadiye Sahil Açık Otoparkı,Suadiye Sahil Açık  Otopark,AÇIK OTOPARK,AÇIK OTOPARK,104,24 Saat,KADIKÖY,29.0798621713300989,40.9559517784307019
161,Bahçelievler Devlet Hastanesi Yanı Katlı Otoparkı 2,Bahçelievler Devlet Hastanesi Yanı Katlı Otopark,KAPALI OTOPARK,KAPALI OTOPARK,740,24 Saat,BAHÇELİEVLER,28.8440419862630009,41.0072185283517996
162,Kadıköy Sahil Açık Otopark 2,Kadıköy Sahil Açık Otopark,AÇIK OTOPARK,AÇIK OTOPARK,50,24 Saat,KADIKÖY,29.0217758171020002,40.9911378886128972
163,Bostancı Metro Yol Üstü Otoparkı,Bostancı Metro Yol Üstü  Otopark,YOL ÜSTÜ,YOL ÜSTÜ,20,10:00-22:00,KADIKÖY,29.0966746987807987,40.9521989396889978
164,Bahçelievler Soğanlı Zemin Altı Otoparkı,Bahçelievler Soğanlı Zemin Altı Otopark,KAPALI OTOPARK,KAPALI OTOPARK,663,24 Saat,BAHÇELİEVLER,28.8581731235260008,41.0152872949500988
165,Kirazlı Metro Durağı P+R,Kirazlı Metro Durağı P+,AÇIK OTOPARK,AÇIK OTOPARK,650,24 Saat,BAĞCILAR,28.8422259547749995,41.0311288599711972
166,Beyoğlu İnönü Caddesi 6,İnönü Caddes,YOL ÜSTÜ,YOL ÜSTÜ,40,08:00-20:00,BEYOĞLU,28.9873333987000983,41.0358333354863021
167,Ahmet Fetgari Sk.,Ahmet Fetgeri-Camii Soka,YOL ÜSTÜ,YOL ÜSTÜ,21,08:00-19:00,ŞİŞLİ,28.9942028111378001,41.0500200258910013
168,Mim Kemal Öke Caddesi 1,Mim Kemal Ök,YOL ÜSTÜ,YOL ÜSTÜ,40,08:00-19:00,ŞİŞLİ,28.9903710135295007,41.050105358228997
169,Mim Kemal Öke Caddesi 2,Mim Kemal Ök,YOL ÜSTÜ,YOL ÜSTÜ,40,08:00-19:00,ŞİŞLİ,28.991190271176599,41.0493614231983983
170,Maçka Caddesi 2,Şişli Maçka Caddes,YOL ÜSTÜ,YOL ÜSTÜ,40,08:00-00:00,ŞİŞLİ,28.9930413379695011,41.0459901024179032
171,Maçka Caddesi 3,Şişli Maçka Caddes,YOL ÜSTÜ,YOL ÜSTÜ,30,08:00-00:00,ŞİŞLİ,28.9935805622588987,41.0453009048286006
172,Taşkışla Caddesi 1,Şişli Taşkışla Caddes,YOL ÜSTÜ,YOL ÜSTÜ,17,08:00-20:00,ŞİŞLİ,28.9913277384685983,41.0479459523350982
173,Kurtuluş Caddesi 4,Kurtuluş Caddes,YOL ÜSTÜ,YOL ÜSTÜ,45,08:00-18:00,ŞİŞLİ,28.9821351527487003,41.0499674365469005
174,Kurtuluş Caddesi 5,Kurtuluş Caddes,YOL ÜSTÜ,YOL ÜSTÜ,40,08:00-18:00,ŞİŞLİ,28.9812607586555018,41.0489303452745986
175,Şişli Silahşör Caddesi 1,Şişli Silahşör Caddes,YOL ÜSTÜ,YOL ÜSTÜ,40,08:00-18:00,ŞİŞLİ,28.9835577246968015,41.057156399797698
176,Yıldızposta Caddesi 6,Yıldızposta Caddes,YOL ÜSTÜ,YOL ÜSTÜ,52,08:00-18:00,BEŞİKTAŞ,29.0085647691890998,41.0655239712900979
177,Yıldızposta Caddesi 9,Yıldızposta Caddes,YOL ÜSTÜ,YOL ÜSTÜ,30,08:00-18:00,BEŞİKTAŞ,29.0059412710555016,41.0663668895064973
178,Vefa Bayırı Sokak 1,Vefa Bayırı Soka,YOL ÜSTÜ,YOL ÜSTÜ,40,08:00-18:00,BEŞİKTAŞ,29.0089320264214017,41.0648088429100966
179,Alemdağ Caddesi 1,Alemdağ Caddes,YOL ÜSTÜ,YOL ÜSTÜ,20,08:00-19:00,ÜMRANİYE,29.0999132651654016,41.0250710710963986
180,Nispetiye Caddesi 1,Nispetiye Caddes,YOL ÜSTÜ,YOL ÜSTÜ,23,08:00-19:00,BEŞİKTAŞ,29.0182192741600993,41.0753115872473984
181,Levent Çarşı 2,Levent Çarş,YOL ÜSTÜ,YOL ÜSTÜ,23,08:00-19:00,BEŞİKTAŞ,29.0153052823360014,41.0758420371334978
182,Levent Dünya Göz Önü 1,Dünya Göz Hastanesi Ön,YOL ÜSTÜ,YOL ÜSTÜ,19,08:00-19:00,BEŞİKTAŞ,29.0180833877861986,41.0733308973319993
183,Bosna Bulvarı 3,Ümraniye Bosna Bulvar,YOL ÜSTÜ,YOL ÜSTÜ,35,08:00-19:00,ÜMRANİYE,29.083465933799701,41.0256147180258992
184,Afiyet Hastanesi Önü 1,Ümraniye Afiyet Hastanesi Ön,YOL ÜSTÜ,YOL ÜSTÜ,20,08:00-18:00,ÜMRANİYE,29.0840920688961013,41.0241193216293993
185,Akçam Sokak (İş Bankası Önü) 1,Akçam Sokak (İş Bankası Önü,YOL ÜSTÜ,YOL ÜSTÜ,30,08:00-19:00,BEŞİKTAŞ,29.0080873062633984,41.0866406858705986
186,Hakimiyet-i Milliye Caddesi 4,Üsküdar Hakimiyet-i Milliye Caddes,YOL ÜSTÜ,YOL ÜSTÜ,21,08:00-19:00,ÜSKÜDAR,29.0155765414238012,41.0241820630618008
187,Perşembe Pazarı 1,Karaköy Perşembe Pazar,YOL ÜSTÜ,YOL ÜSTÜ,32,08:00-18:00,BEYOĞLU,28.9708827265182016,41.0234966570051967
188,Divan Önü 1,Bebek Arnavutköy Caddes,YOL ÜSTÜ,YOL ÜSTÜ,30,08:00-00:00,BEŞİKTAŞ,29.0457175223296993,41.070281370588603
189,Yeşil Vadi Sokak 4,Yeşil Vadi Soka,YOL ÜSTÜ,YOL ÜSTÜ,40,08:00-18:00,ATAŞEHİR,29.1058243767132012,40.9670716467852998
190,Prof.Cemil Birsel Yokuşu 1,Prof.Dr.Cemil Birsel Caddes,YOL ÜSTÜ,YOL ÜSTÜ,50,07:00-18:00,FATİH,28.9671315420326998,41.0179393988832999
191,Ragıp Gümüşpala Camii Önü 2,Ragıp Gümüşpala Caddesi (Camii Önü,YOL ÜSTÜ,YOL ÜSTÜ,36,08:00-18:00,FATİH,28.9631964794008994,41.0205909977785979
192,Kabasakal Medrese Önü,Kabasakal Medrese Ön,AÇIK OTOPARK,AÇIK OTOPARK,65,08:00-02:00,FATİH,28.9789054040700016,41.0061732093938005
193,Çağlayan 2,Çağlayan Vatan Caddes,YOL ÜSTÜ,YOL ÜSTÜ,60,08:00-18:00,KAĞITHANE,28.9818158925227998,41.0769835779501022
194,Dalbastı Sokak 1,Sultanahmet Turist Otopark,YOL ÜSTÜ,YOL ÜSTÜ,250,08:00-21:00,FATİH,28.9786523156457001,41.0061751910244965
195,Kartal Üsküdar Caddesi 1,Kartal Üsküdar Caddes,YOL ÜSTÜ,YOL ÜSTÜ,50,08:00-18:00,KARTAL,29.1835861669033001,40.8890010214121986
196,Cihannuma Yol Üstü 2,Cihannuma Yol Üstü Otopark,YOL ÜSTÜ,YOL ÜSTÜ,75,08:00-23:00,BEŞİKTAŞ,29.0093862165969014,41.0488910763028017
197,Cihannuma Yol Üstü 3,Cihannuma Yol Üstü Otopark,YOL ÜSTÜ,YOL ÜSTÜ,75,08:00-23:00,BEŞİKTAŞ,29.0091871493428002,41.0481872205022
198,Cihannuma Yol Üstü 6,Cihannuma Yol Üstü Otopark,YOL ÜSTÜ,YOL ÜSTÜ,50,08:00-23:00,BEŞİKTAŞ,29.0088712092774017,41.0452461892140974
199,Beykoz Yalıköy 1,Beykoz-Yalıkö,YOL ÜSTÜ,YOL ÜSTÜ,26,09:00-18:00,BEYKOZ,29.0886092202277986,41.1355648703720007
200,Kanlıca Barış Manço Caddesi 1,Kanlıca Barış Manço Caddes,YOL ÜSTÜ,YOL ÜSTÜ,18,09:00-19:00,BEYKOZ,29.0662089719940013,41.1001218927194998
201,Oda Kule Önü 2,Odakule Ön,YOL ÜSTÜ,YOL ÜSTÜ,30,07:00-00:00,BEYOĞLU,28.974968215683699,41.0322461629038031
202,Su Terazisi Sokak,Su Terazisi Soka,YOL ÜSTÜ,YOL ÜSTÜ,22,08:00-18:00,FATİH,28.9726776025518014,41.004580721055703
203,Aksaray Caddesi 1,Aksaray Caddes,YOL ÜSTÜ,YOL ÜSTÜ,45,08:00-18:00,FATİH,28.9543879613902,41.0077334580615016
204,Aksaray Caddesi 2,Aksaray Caddes,YOL ÜSTÜ,YOL ÜSTÜ,31,08:00-18:00,FATİH,28.9549925352072002,41.0088303270062013
205,Türbedar Sokak,Türbedar Soka,YOL ÜSTÜ,YOL ÜSTÜ,35,07:00-17:00,FATİH,28.9724379883571004,41.0089437566606989
206,Siyavuş Paşa Sokak,Siyavuş Paşa Soka,YOL ÜSTÜ,YOL ÜSTÜ,18,07:30-18:00,FATİH,28.9660103528593993,41.0153209172543995
207,Kadıköy Eğitim Mahallesi Açık Otoparkı,Kadıköy Eğitim Mahallesi Açık Otopark,AÇIK OTOPARK,AÇIK OTOPARK,50,08:00-19:00,KADIKÖY,29.0425933816987012,40.9923532354128994
208,Fevzipaşa Caddesi 4,Fevzipaşa Caddes,YOL ÜSTÜ,YOL ÜSTÜ,26,08:00-19:00,FATİH,28.9506969095039999,41.0166492325389029
209,Fevzipaşa Caddesi 12,Fevzipaşa Caddes,YOL ÜSTÜ,YOL ÜSTÜ,30,08:00-19:00,FATİH,28.9472841009953008,41.0200360261000014
210,Başkomutan Caddesi 2,Başkomutan Caddes,YOL ÜSTÜ,YOL ÜSTÜ,100,09:00-17:30,SİLİVRİ,28.2458668556303003,41.0741005683343019
211,Başkomutan Caddesi 5,Başkomutan Caddes,YOL ÜSTÜ,YOL ÜSTÜ,50,09:00-17:30,SİLİVRİ,28.2486526121714014,41.0734997438993972
212,Çırağan Sarayı Yol Üstü 1,Çırağan Sarayı Yol Üst,YOL ÜSTÜ,YOL ÜSTÜ,40,08:00-23:00,BEŞİKTAŞ,29.0162684593891989,41.0448096163922997
213,Cihangir Caddesi 2,Cihangir Caddes,YOL ÜSTÜ,YOL ÜSTÜ,70,09:00-20:00,BEYOĞLU,28.9866401855667988,41.0312520349405006
214,Eski Salı Pazarı 1,Eski Salı Pazar,AÇIK OTOPARK,AÇIK OTOPARK,760,24 Saat,KADIKÖY,29.0334696731640989,40.9905799188887983
215,Etyemez Tekkesi Sokak 2,Etyemez Tekkesi Soka,YOL ÜSTÜ,YOL ÜSTÜ,59,08:00-17:00,FATİH,28.9366560828552011,41.0029341019472966
216,İmç Önü 8,İm,YOL ÜSTÜ,YOL ÜSTÜ,35,08:30-18:30,FATİH,28.9590951452880994,41.0201366525683966
217,Horhor Caddesi Üzeri Cep 1,Horhor Caddesi Üzeri Ce,YOL ÜSTÜ,YOL ÜSTÜ,40,08:00-18:00,FATİH,28.9518573153196996,41.0142025900192024
218,Millet Caddesi 2,Millet Caddes,YOL ÜSTÜ,YOL ÜSTÜ,45,07:30-18:30,FATİH,28.9457781051854006,41.0100998055265009
219,Kasım Sokak 2,Güngören Kasım Soka,YOL ÜSTÜ,YOL ÜSTÜ,50,08:00-19:00,GÜNGÖREN,28.8862575687310006,41.0091756891741994
220,Kasım Sokak 3,Güngören Kasım Soka,YOL ÜSTÜ,YOL ÜSTÜ,50,08:00-19:00,GÜNGÖREN,28.8880972445929984,41.0095399869678019
221,Sabancı Öğretmen Evi Önü 1,Sabancı Öğretmen Evi Ön,YOL ÜSTÜ,YOL ÜSTÜ,27,09:00-20:00,BEYKOZ,29.0653946484149017,41.0793031349730029
222,Yeşilköy İstasyon Caddesi 2,Yeşilköy İstasyon Caddes,YOL ÜSTÜ,YOL ÜSTÜ,35,08:00-18:00,BAKIRKÖY,28.8248261886532013,40.9618791918256022
223,Yeşilköy İstasyon Caddesi 5,Yeşilköy İstasyon Caddes,YOL ÜSTÜ,YOL ÜSTÜ,50,08:00-18:00,BAKIRKÖY,28.8233813015515992,40.9598146793368016
224,Yeşilköy İstasyon Caddesi 6,Yeşilköy İstasyon Caddes,YOL ÜSTÜ,YOL ÜSTÜ,50,08:00-18:00,BAKIRKÖY,28.8231015016162004,40.9594651936517025
225,Reşitapaşa Caddesi 1,Reşitpaşa Caddes,YOL ÜSTÜ,YOL ÜSTÜ,45,08:30-17:30,AVCILAR,28.7187442759327993,40.980525378039502
226,Gürpınar Yolu Caddesi 1,Gürpınar Yolu Caddes,YOL ÜSTÜ,YOL ÜSTÜ,40,08:00-18:00,BEYLİKDÜZÜ,28.6275832039646012,41.0185711653701972
227,Gürpınar Yolu Caddesi 4,Gürpınar Yolu Caddes,YOL ÜSTÜ,YOL ÜSTÜ,30,08:00-18:00,BEYLİKDÜZÜ,28.6274288238872998,41.0177784644350965
228,Acıbadem P+R 1,Acıbadem P+,YOL ÜSTÜ,YOL ÜSTÜ,80,06:00-17:00,ÜSKÜDAR,29.0599337785500005,41.013649361654501
229,Emirgan Sahil 1,Emirgan Sahi,YOL ÜSTÜ,YOL ÜSTÜ,50,08:00-00:00,SARIYER,29.0571677343043007,41.1059939369756009
230,Kartal İdo Açık Otoparkı,Kartal İdo Açık Otopark,AÇIK OTOPARK,AÇIK OTOPARK,90,24 Saat,KARTAL,29.1880633493853985,40.8873395511241995
231,İshakpaşa Caddesi,İshakPaşa Caddes,YOL ÜSTÜ,YOL ÜSTÜ,200,08:00-02:00,FATİH,28.9814928372387008,41.0080509671785975
232,Levent Metro Yer Altı Otoparkı,Levent Metro Yer Altı Otopark,KAPALI OTOPARK,KAPALI OTOPARK,100,07:30-19:30,BEŞİKTAŞ,29.0106559103637984,41.0811486773446006
233,Eminönü Açık Otoparkı,Eminönü Açı,AÇIK OTOPARK,AÇIK OTOPARK,300,24 Saat,FATİH,28.9690391064942006,41.0189586751657984
234,Bostancı Açık,Bostancı Açı,AÇIK OTOPARK,AÇIK OTOPARK,375,24 Saat,KADIKÖY,29.0901840939692988,40.9523622036885016
235,Beşiktaş Halk Pazarı 1,Beşiktaş Halk Pazar,KAPALI OTOPARK,KAPALI OTOPARK,200,24 Saat,BEŞİKTAŞ,29.0006257751307999,41.0497088077805969
236,Kutlugün Sokak 1,Kutlugün Soka,YOL ÜSTÜ,YOL ÜSTÜ,200,08:00-02:00,FATİH,28.9811457957633998,41.0070033341579006
237,Paşalimanı Caddesi 1,Paşalimanı Caddes,YOL ÜSTÜ,YOL ÜSTÜ,30,07:00-17:00,ÜSKÜDAR,29.0235417812891008,41.0324278613706994
238,Hacı Pervane Caddesi 1,Silivri Hacı Pervane Caddes,YOL ÜSTÜ,YOL ÜSTÜ,35,09:00-17:30,SİLİVRİ,28.2477600281461996,41.0744385757196966
239,Kalamış Fener Caddesi 1,Kalamış Fener Caddes,YOL ÜSTÜ,YOL ÜSTÜ,26,09:00-19:00,KADIKÖY,29.0398761698559014,40.9723742783255034
240,Eski Salı Pazarı,Eski Salı Pazar,AÇIK OTOPARK,AÇIK OTOPARK,760,24 Saat,KADIKÖY,29.0333458664071991,40.9907026712810989
241,Nadide Sokak 1,Nadide Soka,YOL ÜSTÜ,YOL ÜSTÜ,45,08:00-18:00,GÜNGÖREN,28.8907599449157999,41.0094469767614029
242,Güneş Plajı 1,Güneş Plajı ,AÇIK OTOPARK,AÇIK OTOPARK,250,24 Saat,BAKIRKÖY,28.7903692226486996,40.971560049902898
243,Beşiktaş Barbaros Bulvarı Taksi Durağı,Beşiktaş Barboros Bulvarı Taksi Durağ,TAKSİ PARK,TAKSİ PARK,10,07:00-17:00,BEŞİKTAŞ,29.0071029305494008,41.0428187170476022
244,Kalamış Açık Otoparkı,Kalamış Açık Otopark,AÇIK OTOPARK,AÇIK OTOPARK,170,24 Saat,KADIKÖY,29.0360069274901988,40.9685576207815032
245,Eminönü Açık Otoparkı,Eminönü Açı,AÇIK OTOPARK,AÇIK OTOPARK,280,24 Saat,FATİH,28.9692768408792993,41.0184137869714007
246,Kadıköy Açık Otoparkı,Kadıköy Açık Otopark,AÇIK OTOPARK,AÇIK OTOPARK,1004,24 Saat,KADIKÖY,29.0184447419547986,40.9899909968513967
247,Merter Katlı Otoparkı,Merter Katl,KAPALI OTOPARK,KAPALI OTOPARK,1000,24 Saat,GÜNGÖREN,28.8873910903930984,41.0091636163379007
248,Karaköy Katlı,Karaköy Katl,KAPALI OTOPARK,KAPALI OTOPARK,600,24 Saat,BEYOĞLU,28.977250140974899,41.0229402951221971
249,Fatih Katlı Otoparkı,Fatih Katlı Otopark,KAPALI OTOPARK,KAPALI OTOPARK,118,24 Saat,FATİH,28.939663983822701,41.0197286892248982
250,Suadiye Cep Açık Otoparkı,Suadiye Ce,AÇIK OTOPARK,AÇIK OTOPARK,130,24 Saat,KADIKÖY,29.0734045417536002,40.9585591053445981
251,Vali Konağı Müze Önü 1,Vali Konağı Caddesi Müze Ön,YOL ÜSTÜ,YOL ÜSTÜ,35,08:00-19:00,ŞİŞLİ,28.9882120800958987,41.0494579175706988
252,Hidiv Kasrı,Hıdiv Kasr,AÇIK OTOPARK,AÇIK OTOPARK,130,08:00-23:00,BEYKOZ,29.0755519632817006,41.1034800086367014
253,Ebu Suut Caddesi 1,Ebu Suut Caddes,YOL ÜSTÜ,YOL ÜSTÜ,40,08:00-18:00,FATİH,28.9763924538999014,41.0129697424889983
254,Kore Şehitleri Caddesi - Yüzbaşı Kaya Aldağon Sokak 4,Kore Şehitleri Caddesi - Yüzbaşı Kaya Aldağon Soka,YOL ÜSTÜ,YOL ÜSTÜ,40,07:00-17:00,ŞİŞLİ,29.0116120328574993,41.0715743916452993
255,Yeşilyurt Çarşı 3,Yeşilyurt Çarş,YOL ÜSTÜ,YOL ÜSTÜ,50,08:00-19:00,BAKIRKÖY,28.8379358175919016,40.9643809578391966
256,Fatih Su Yolu Sokak 1,Fatih Su Yolu Soka,YOL ÜSTÜ,YOL ÜSTÜ,40,08:00-22:00,FATİH,28.9540594985904995,41.0161648948097977
257,Fatih Su Yolu Sokak 2,Fatih Su Yolu Soka,YOL ÜSTÜ,YOL ÜSTÜ,40,08:00-22:00,FATİH,28.9541522394257989,41.0166520896524034
258,Münir Nurettin Selçuk Caddesi 15,Münir Nurettin Selçuk Caddes,YOL ÜSTÜ,YOL ÜSTÜ,30,09:00-18:00,KADIKÖY,29.0400183181445009,40.9788202609784022
259,Sıracevizler Caddesi Yol Üstü 4,Şişli Sıracevizler Caddes,YOL ÜSTÜ,YOL ÜSTÜ,50,08:00-18:00,ŞİŞLİ,28.9841634292099002,41.0598012396442016
260,Eski Büyükdere Caddesi 1,Eski Büyükdere Caddes,YOL ÜSTÜ,YOL ÜSTÜ,30,08:00-19:00,KAĞITHANE,29.0062693981216988,41.0881222691293004
261,Gazi Umur Paşa Sokak 6,Gazi Umur Paşa Soka,YOL ÜSTÜ,YOL ÜSTÜ,42,08:00-18:00,BEŞİKTAŞ,29.0109362691401991,41.0586236902265966
262,Çapa Yol Üstü Otoparkı 1,Çapa Yol Üstü Otopark,YOL ÜSTÜ,YOL ÜSTÜ,30,07:00-19:00,FATİH,28.9309891714305003,41.0167852916898994
263,Eyüp Tekke Parkı,Eyüp Tekke Park,AÇIK OTOPARK,AÇIK OTOPARK,70,08:00-19:00,EYÜP,28.9397962457675,41.0564862110080995
264,Tarabya Açık Otoparkı,Tarabya Açık Otopark,AÇIK OTOPARK,AÇIK OTOPARK,100,24 Saat,SARIYER,29.051756967676301,41.1381443882868965
265,Eyüp İstanbul Caddesi 4,Eyüp İstanbul Caddes,YOL ÜSTÜ,YOL ÜSTÜ,40,09:00-19:00,EYÜP,28.8898819017231006,41.1764729732220971
266,Maçka Katlı Otoparkı,Maçka Katlı Otopark,KAPALI OTOPARK,KAPALI OTOPARK,508,24 Saat,ŞİŞLİ,28.9902057964601987,41.0481365508990024
267,Mete Caddesi 3,Mete Caddes,YOL ÜSTÜ,YOL ÜSTÜ,35,07:30-20:30,BEYOĞLU,28.9880214120353017,41.0384142241513032
268,Matbaacılar Sitesi Yanı,Matbaacılar Sitesi Yan,AÇIK OTOPARK,AÇIK OTOPARK,250,07:00-19:00,ZEYTİNBURNU,28.9182994145558006,41.0233056453673015
269,Yenikapı Marmaray Taksi Durağı,Yenikapı Marmaray Taksi Durağ,TAKSİ PARK,TAKSİ PARK,20,07:00-18:00,FATİH,28.9518016576767003,41.0064432942694026
270,Şehzadebaşı Caddesi 1,Şehzadebaşı Caddes,YOL ÜSTÜ,YOL ÜSTÜ,50,07:00-19:00,FATİH,28.9580063593036989,41.0127437614197987
271,Kazlıçeşme Marmaray Açık Otoparkı 2,Kazlıçeşme Marmaray Açık Otopark,AÇIK OTOPARK,AÇIK OTOPARK,700,24 Saat,ZEYTİNBURNU,28.9164923338063993,40.9922322731923998
272,Kirazlı Metro Durağı P+R,Kirazlı Metro Durağı P+,AÇIK OTOPARK,AÇIK OTOPARK,650,24 Saat,BAĞCILAR,28.8417791173273983,41.0330978614510968
273,Alibeyköy Cep Otogarı Otobüs Otoparkı,Alibeyköy Cep Otogarı Otobüs Otopark,AÇIK OTOPARK,AÇIK OTOPARK,116,24 Saat,EYÜP,28.9449815819485003,41.0877762255869001
274,Üsküdar Ünalan Açık P+R,Üsküdar Ünalan Açık P+,AÇIK OTOPARK,AÇIK OTOPARK,180,06:30-19:00,ÜSKÜDAR,29.0604525804520009,40.9978727359680022
275,Tuzla İdo,Tuzla İdo İskeles,AÇIK OTOPARK,AÇIK OTOPARK,300,24 Saat,TUZLA,29.303644533944599,40.815008813428598
276,Kadıköy Metro Yol Üstü 2,Kadıköy Metro Yol Üst,YOL ÜSTÜ,YOL ÜSTÜ,25,06:30-23:00,KADIKÖY,29.0217040367544996,40.9899147235395986
277,Fatih Minibüs Depolama Alanı,Fatih Minübüs Depolama Alanı / A40 Alibeyköy-Aksara,MİNİBÜS PARK,MİNİBÜS PARK,119,07:00-18:00,FATİH,28.9469441351738013,41.0130242136156014
278,Selim Sırrı Tarcan Katlı Otoparkı,Selim Sırrı Tarcan Katlı Otopark,KAPALI OTOPARK,KAPALI OTOPARK,150,24 Saat,ŞİŞLİ,28.9980129749700986,41.0731471591263997
279,Bayrampaşa Nikah Dairesi Otoparkı,Bayrampaşa Nikah Dairesi Otopark,KAPALI OTOPARK,KAPALI OTOPARK,190,24 Saat,BAYRAMPAŞA,28.913043737411499,41.0431703036577034
280,Rumeli Caddesi 6,Şişli Rumeli Caddes,YOL ÜSTÜ,YOL ÜSTÜ,45,08:00-23:00,ŞİŞLİ,28.9913344341270012,41.0518530035512015
281,Bayrampaşa Muratpaşa Yer Altı Otoparkı,Bayrampaşa Muratpaşa Yer Altı Otopark,KAPALI OTOPARK,KAPALI OTOPARK,300,24 Saat,BAYRAMPAŞA,28.908198199129199,41.0470146103078974
282,Çekmeköy Çavuşbaşı Caddesi 1,Çekmeköy Çavuşbaşı Caddes,YOL ÜSTÜ,YOL ÜSTÜ,50,08:00-19:00,ÇEKMEKÖY,29.1724856900986005,41.0303729442974969
283,EGS Blokları Açık Otoparkı,EGS Blokları Açık Otopark,AÇIK OTOPARK,AÇIK OTOPARK,350,24 Saat,BAKIRKÖY,28.8353911042213014,40.9863106354600006
284,Altunizade Açık Otopark,Altunizade Açık Otopar,AÇIK OTOPARK,AÇIK OTOPARK,80,08:00-19:00,ÜSKÜDAR,29.0394911170006012,41.0245442767946003
285,Yenikapı Marmaray Büyük Otoparkı,Yenikapı Marmaray Büyük Otopark,AÇIK OTOPARK,AÇIK OTOPARK,350,24 Saat,FATİH,28.9506012947386999,41.0057551467445975
286,Yenikapı Marmaray Küçük Otoparkı,Yenikapı Marmaray Küçük Otopark,AÇIK OTOPARK,AÇIK OTOPARK,200,24 Saat,FATİH,28.9515739830514995,41.0049568024718027
287,Nispetiye Caddesi Açık Otoparkı,Nispetiye Caddesi Açık Otopark,AÇIK OTOPARK,AÇIK OTOPARK,90,08:00-19:00,BEŞİKTAŞ,29.0177193407245007,41.0735048337775979
288,Haliç Sosyal Tesisleri Otoparkı,Haliç Sosyal Tesisleri Otopark,AÇIK OTOPARK,AÇIK OTOPARK,60,07:30-00:00,FATİH,28.9572405370037984,41.0277372163961971
289,Sabancı Öğretmenevi Açık Otoparkı,Sabancı Öğretmenevi Açık Otopark,AÇIK OTOPARK,AÇIK OTOPARK,350,07:30-23:00,BEYKOZ,29.0673535830188996,41.0810906777251006
290,Damla Sokak 1,Damla Soka,YOL ÜSTÜ,YOL ÜSTÜ,17,08:00-18:30,ŞİŞLİ,29.0003845095633999,41.067192642045498
291,Fatih Halıcılar Caddesi 1,Fatih Halıcılar Caddes,YOL ÜSTÜ,YOL ÜSTÜ,40,09:00-19:00,FATİH,28.9482262730597988,41.0182851861138005
292,Şişli Ali Kaya Sokak 1,Şişli Ali Kaya Soka,YOL ÜSTÜ,YOL ÜSTÜ,50,07:00-18:00,ŞİŞLİ,29.0100899530254992,41.0798759872551003
293,Avcılar Meydanı Açık Otoparkı,Avcılar Meydan Açık Otopark,AÇIK OTOPARK,AÇIK OTOPARK,600,24 Saat,AVCILAR,28.7216091156006001,40.9838181713150007
294,Kartal Köprüsü Kavşağı P+R,Kartal Köprüsü Kavşağı  P+,AÇIK OTOPARK,AÇIK OTOPARK,135,06:00-17:00,KARTAL,29.2065685987472996,40.9075693128330968
295,Avni Akyol Bulvarı 7,Avni Akyol Bulvar,YOL ÜSTÜ,YOL ÜSTÜ,25,09:00-19:00,BAŞAKŞEHİR,28.6854883151754017,41.0700258752129983
296,Fulya Açık Otoparkı,Fulya Açık Otopark,AÇIK OTOPARK,AÇIK OTOPARK,80,08:00-22:00,BEŞİKTAŞ,28.9998027917819989,41.0564978198988015
297,Haydarpaşa Katlı Otoparkı,Haydarpaşa Katlı Otopark,KAPALI OTOPARK,KAPALI OTOPARK,840,24 Saat,ÜSKÜDAR,29.0254819393157995,41.0050992841806021
298,Üsküdar Belediyesi Yeraltı Otoparkı,Üsküdar Belediyesi Yeraltı Otopark,KAPALI OTOPARK,KAPALI OTOPARK,197,24 Saat,ÜSKÜDAR,29.0193101763724997,41.0206448097112002
299,Bağlarbaşı Katlı Otoparkı,Bağlarbaşı Katlı Otopark,KAPALI OTOPARK,KAPALI OTOPARK,130,24 Saat,ÜSKÜDAR,29.0346497297286987,41.0251877577304001
300,Fatih Kütüphane Açık Otoparkı 2,Fatih Kütüphane Açık Otopark,AÇIK OTOPARK,AÇIK OTOPARK,35,08:00-20:00,FATİH,28.9494129802795008,41.0166835870468987
301,Okan Üniversitesi Zemin Altı Otoparkı,Okan Üniversitesi Hastanesi Zemin Altı Otopark,KAPALI OTOPARK,KAPALI OTOPARK,300,07:00-23:00,TUZLA,29.3017601966858017,40.8494139296323979
302,Sultangazi Zemin Altı Otoparkı,Sultangazi Zemin Altı Otopark,KAPALI OTOPARK,KAPALI OTOPARK,104,24 Saat,SULTANGAZİ,28.864878961890799,41.0944117859860967
303,Harbiye Cumhuriyet Caddesi Yol Üstü Otoparkı 3,Harbiye Cumhuriyet Caddesi Yol Üstü Otopark,YOL ÜSTÜ,YOL ÜSTÜ,25,08:00-18:00,ŞİŞLİ,28.9863416359333002,41.0426427651563017
304,Harbiye Cumhuriyet Caddesi Yol Üstü Otoparkı 5,Harbiye Cumhuriyet Caddesi Yol Üstü Otopark,YOL ÜSTÜ,YOL ÜSTÜ,26,08:00-18:00,ŞİŞLİ,28.9863429336571983,41.0430813426175973
305,İspark West İstanbul Marina Açık Otoparkı,İspark West İstanbul Açık Otopark,AÇIK OTOPARK,AÇIK OTOPARK,1000,24 Saat,BEYLİKDÜZÜ,28.6590609810475989,40.9638856422756987
306,Yalı Açık Otoparkı,Yalı Açık Otopark,AÇIK OTOPARK,AÇIK OTOPARK,85,08:00-21:00,MALTEPE,29.1368757391465003,40.9094402447971035
307,Beyoğlu Örnektepe Zemin Altı Otoparkı,Beyoğlu Örnektepe Zemin Altı Otopark,KAPALI OTOPARK,KAPALI OTOPARK,143,24 Saat,BEYOĞLU,28.9548772866058002,41.054237061922997
308,Bayrampaşa Sebze-Meyve Hali,Bayrampaşa Sebze - Meyve Hal,AÇIK OTOPARK,AÇIK OTOPARK,100,24 Saat,BAYRAMPAŞA,28.8886686112515996,41.0510037149772984
309,A/46 Şirinevler-Kuleli-Başakşehir Minibüs Peronu,A/46 Şirinevler-Kuleli-Başakşehir Minibüs Peron,MİNİBÜS PARK,MİNİBÜS PARK,54,07:00-23:00,BAHÇELİEVLER,28.8469437200643988,40.9920154088386965
310,Albay Faik Sözdener 4,Albay Faik Sözdene,YOL ÜSTÜ,YOL ÜSTÜ,40,07:00-23:00,KADIKÖY,29.0214285609932006,40.9873879181811986
311,Pendik Yeni Mahalle Açık Otoparkı,Pendik Yenimahalle Açık Otopark,AÇIK OTOPARK,AÇIK OTOPARK,80,07:00-17:00,PENDİK,29.2719447612761989,40.8642192362565027
312,Pendik Yenimahalle Yolüstü Otoparkı 2,Pendik Yenimahalle Yolüstü Otopark,YOL ÜSTÜ,YOL ÜSTÜ,50,07:00-17:00,PENDİK,29.2723202705383017,40.864000162938197
313,Ataşehir Bulvarı 24,Ataşehir Bulvar,YOL ÜSTÜ,YOL ÜSTÜ,25,08:00-18:00,ATAŞEHİR,29.1276929465593,40.9934481585165997
314,Kadıköy Söğütlüçeşme Açık Otoparkı,Kadıköy Söğütlüçeşme Açık Otopark,AÇIK OTOPARK,AÇIK OTOPARK,230,24 Saat,KADIKÖY,29.0382224321365001,40.9922164477519004
315,Bayrampaşa Muzaffer Öztekin Zemin altı Otoparkı,Bayrampaşa Muzaffer Öztekin Zemin Altı Otopark,KAPALI OTOPARK,KAPALI OTOPARK,400,24 Saat,BAYRAMPAŞA,28.9066778907358,41.0510382108439984
316,Tamburi Ali Efendi Sokak 2,Tamburi Ali Efend,YOL ÜSTÜ,YOL ÜSTÜ,17,09:00-21:00,BEŞİKTAŞ,29.0308624165627016,41.078591728330899
317,Levent Büyükdere Caddesi 3,Levent Büyükdere Caddes,YOL ÜSTÜ,YOL ÜSTÜ,30,09:00-22:00,BEŞİKTAŞ,29.0147401521700985,41.0756267567518023
318,Levent Büyükdere Caddesi 5,Levent Büyükdere Caddes,YOL ÜSTÜ,YOL ÜSTÜ,30,09:00-22:00,BEŞİKTAŞ,29.0144992705845013,41.0761156949685002
319,Bebek Parkı Önü,Bebek Sahil Yol,YOL ÜSTÜ,YOL ÜSTÜ,20,08:00-23:00,BEŞİKTAŞ,29.0567034551943983,41.083249887177999
320,Sultanbeyli Emir Caddesi Zemin Altı Otoparkı,Sultanbeyli Emir Caddesi Zemin Altı Otopark,KAPALI OTOPARK,KAPALI OTOPARK,130,07:00-21:00,SULTANBEYLİ,29.2554762151718997,40.971680562089098
321,Arnavutköy Zemin Altı Otoparkı,Arnavutköy Zemin Altı Otopark,KAPALI OTOPARK,KAPALI OTOPARK,700,24 Saat,ARNAVUTKÖY,28.7394691885721016,41.1834616970172007
322,Kadıköy Yeni Salı Pazarı Katlı Otoparkı,Kadıköy Yeni Salı Pazarı Katlı Otopark,KAPALI OTOPARK,KAPALI OTOPARK,1350,24 Saat,KADIKÖY,29.0500764411344008,40.997791877689103
323,Bağcılar Yıldıztepe Katlı Otoparkı,Bağcılar Yıldıztepe Katlı Otopark,KAPALI OTOPARK,KAPALI OTOPARK,350,24 Saat,BAĞCILAR,28.8559343388067013,41.0295158384931966
324,15 Temmuz Demokrasi Otogarı,15 Temmuz Demokrasi Otogar,AÇIK OTOPARK,AÇIK OTOPARK,1000,24 Saat,BAYRAMPAŞA,28.8945926849422001,41.0415519754529967
325,Pendik Tavşantepe P+R Açık Otoparkı,Pendik Tavşantepe P+R Açık Otopark,AÇIK OTOPARK,AÇIK OTOPARK,430,24 Saat,PENDİK,29.2492738658714018,40.8829169687280967
326,Bayrampaşa Atatürk Parkı  Zemin Altı Otoparkı,Bayrampaşa Atatürk Parkı Zemin Altı Otopark,KAPALI OTOPARK,KAPALI OTOPARK,442,24 Saat,BAYRAMPAŞA,28.9130913424361005,41.0335973473561992
327,Bağcılar Kent Meydanı Zemin Altı,Bağcılar Kent Meydanı Zemin Alt,KAPALI OTOPARK,KAPALI OTOPARK,1162,24 Saat,BAĞCILAR,-99,-99
328,Bağcılar Kent Meydanı Zemin Altı,Bağcılar Kent Meydanı Zemin Alt,KAPALI OTOPARK,KAPALI OTOPARK,1162,24 Saat,BAĞCILAR,28.8556515123968005,41.0340028757587021
329,Büyükçamlıca Korusu Sosyal Tesisleri Önü,Büyük Çamlıca Korusu Sosyal Tesisleri Ön,AÇIK OTOPARK,AÇIK OTOPARK,230,08:00-00:00,ÜSKÜDAR,29.0695447678260983,41.0267056319965988
330,BüyükÇekmece Metrobüs Durağı Yanı Zemin Altı Otoparkı,Büyükçekmeçe Metrobüs Durağı Yanı Zemin Altı Otopark,KAPALI OTOPARK,KAPALI OTOPARK,498,24 Saat,BÜYÜKÇEKMECE,28.6241373573354991,41.0220461669532028
331,Bağcılar Çolakoğlu Zemin Altı Otoparkı,Bağcılar Çolakoğlu Zemin Altı Otopark,KAPALI OTOPARK,KAPALI OTOPARK,106,24 Saat,BAĞCILAR,28.8346857193462007,41.0329354584500976
332,Bahçelievler Devlet Hastanesi Yanı Katlı Otoparkı 1,Bahçelievler Devlet Hastanesi Yanı Katlı Otopark,KAPALI OTOPARK,KAPALI OTOPARK,740,24 Saat,BAHÇELİEVLER,28.8438658940414001,41.0075606625217972
333,Kadıköy Sahil Açık Otoparkı 1,Kadıköy Sahil Açık Otopark,AÇIK OTOPARK,AÇIK OTOPARK,50,24 Saat,KADIKÖY,29.0218351577221014,40.9911774680410019
334,Bahçelievler Soğanlı Zemin Altı Otoparkı 1,Bahçelievler Soğanlı Zemin Altı Otopark,KAPALI OTOPARK,KAPALI OTOPARK,663,24 Saat,BAHÇELİEVLER,28.8579412116646985,41.015353931224503
335,Avcılar Mustafa Kemalpaşa Metrobüs Durağı  yanı Yol üstü Otoparkı,Avcılar Mustafa Kemalpaşa Metrobüs Durağı  yanı Yol üstü Otopark,YOL ÜSTÜ,YOL ÜSTÜ,44,08:00-19:00,AVCILAR,-99,-99
336,Beyoğlu Gazhane Bostan Sokak 2,Beyoğlu Gazhane Bostan Soka,YOL ÜSTÜ,YOL ÜSTÜ,35,08:00-19:00,BEYOĞLU,28.9894114900950015,41.0383193212250035
337,Çekmeköy Mimar Sinan Caddesi 4,Çekmeköy Mimar Sinan Caddes,YOL ÜSTÜ,YOL ÜSTÜ,20,08:00-19:00,ÇEKMEKÖY,29.1763905167864017,41.032709574950502
338,Şakayık Sokak 4,Şişli Şakayık Soka,YOL ÜSTÜ,YOL ÜSTÜ,50,08:00-19:00,ŞİŞLİ,28.9933492574670986,41.0519613218584993
339,Beyoğlu İnönü Caddesi 7,İnönü Caddes,YOL ÜSTÜ,YOL ÜSTÜ,30,08:00-20:00,BEYOĞLU,28.9874364451638016,41.035489855098497
340,Prof. Dr.Orhan Ersek Sokak 3,Prof. Dr.Orhan Ersek Soka,YOL ÜSTÜ,YOL ÜSTÜ,40,08:00-19:00,ŞİŞLİ,28.9947635740991991,41.0515334666082978
341,Abide-i Hürriyet Caddesi 5,Abide-i Hürriyet Caddes,YOL ÜSTÜ,YOL ÜSTÜ,40,08:00-19:00,ŞİŞLİ,28.9872879133204009,41.0612366646500035
342,Abide-i Hürriyet Caddesi 6,Abide-i Hürriyet Caddes,YOL ÜSTÜ,YOL ÜSTÜ,40,08:00-19:00,ŞİŞLİ,28.9871193443690984,41.0606066510135008
343,Ihlamur Dere Caddesi 2,Ihlamur Dere Caddes,YOL ÜSTÜ,YOL ÜSTÜ,27,09:00-19:00,BEŞİKTAŞ,29.0030306876818003,41.0444391236135999
344,Bağlantı Yolu 2,Levent Bağlantı Yol,YOL ÜSTÜ,YOL ÜSTÜ,120,06:45-18:00,BEŞİKTAŞ,29.0124767466165991,41.0802186957629019
345,Adliye Önü 1,Levent Adliye Ön,YOL ÜSTÜ,YOL ÜSTÜ,40,07:00-17:00,ŞİŞLİ,29.0114920399817997,41.0799491877853029
346,Gedikpaşa Açık Otoparkı,Gedikpaşa Açık Otopark,AÇIK OTOPARK,AÇIK OTOPARK,175,24 Saat,FATİH,28.9636475517086005,41.0072920884186018
347,Karaköy Balıkçılar Önü,Beyoğlu Balıkçılar Ön,AÇIK OTOPARK,AÇIK OTOPARK,70,08:00-22:00,BEYOĞLU,28.9741247551725003,41.0220007012851013
348,Poyraz Yol Üstü 4,Poyraz Yol Üst,YOL ÜSTÜ,YOL ÜSTÜ,45,08:00-18:00,KADIKÖY,29.0405062252606001,40.9930658458139021
349,Ataşehir Bulvarı 1,Ataşehir Bulvar,YOL ÜSTÜ,YOL ÜSTÜ,20,08:00-18:00,ATAŞEHİR,29.1192117333411993,40.9925423959335973
350,Ataşehir Bulvarı 8,Ataşehir Bulvar,YOL ÜSTÜ,YOL ÜSTÜ,35,08:00-18:00,ATAŞEHİR,29.126134514808701,40.9926942345984031
351,Mid Point Önü,Bebek Sahil Yol,YOL ÜSTÜ,YOL ÜSTÜ,29,08:00-23:00,BEŞİKTAŞ,29.0526939406176012,41.0803494588543998
352,Aşiyan 1,Bebek Sahil Yol,YOL ÜSTÜ,YOL ÜSTÜ,20,08:00-23:00,BEŞİKTAŞ,29.0558047593186011,41.0818558368020987
353,Küçük Bebek,Bebek Sahil Yol,YOL ÜSTÜ,YOL ÜSTÜ,17,08:00-00:00,BEŞİKTAŞ,29.0495469174869996,41.0796940097817966
354,Migros Önü,Bebek Arnavutköy Caddes,YOL ÜSTÜ,YOL ÜSTÜ,11,08:00-00:00,BEŞİKTAŞ,29.044903066854399,41.0722221852389993
355,Kabataş Set Üstü 2,Kabataş Setüst,YOL ÜSTÜ,YOL ÜSTÜ,80,08:00-18:00,BEYOĞLU,28.9932263878752998,41.0355090939263007
356,İmç Önü 1,İm,YOL ÜSTÜ,YOL ÜSTÜ,28,08:30-18:30,FATİH,28.9568744398885016,41.0171314951944979
357,Atatürk Bulvarı 1,Atatürk Bulvarı ,YOL ÜSTÜ,YOL ÜSTÜ,18,07:30-18:30,FATİH,28.9535382991555004,41.0112914996692979
358,Ataşehir Bulvarı 13,Ataşehir Bulvar,YOL ÜSTÜ,YOL ÜSTÜ,25,08:00-18:00,ATAŞEHİR,29.1276636706576006,40.9930909318858028
359,Hızır Külhani Sokak,Hızır Külhani Soka,YOL ÜSTÜ,YOL ÜSTÜ,26,08:00-18:00,FATİH,28.9604879156050998,41.0201996391893005
360,İstinye 1 ( Hastane Önü ),İstinye Caddes,YOL ÜSTÜ,YOL ÜSTÜ,25,08:00-18:00,SARIYER,29.0552176166285001,41.1146198454958025
361,İstinye 6 ( Çocuk Parkı ),İstinye Caddes,YOL ÜSTÜ,YOL ÜSTÜ,30,08:00-18:00,SARIYER,29.0601057493365005,41.1138205210160024
362,Yeniköy 1,Yeniköy Köybaşı Caddes,YOL ÜSTÜ,YOL ÜSTÜ,11,08:00-18:00,SARIYER,29.0697847811822996,41.1272417424236991
363,Kireçburnu 3,Haydar Aliyev Caddes,YOL ÜSTÜ,YOL ÜSTÜ,35,09:00-20:00,SARIYER,29.0432715943783997,41.1505325211230968
364,Kireçburnu 4,Haydar Aliyev Caddes,YOL ÜSTÜ,YOL ÜSTÜ,35,09:00-20:00,SARIYER,29.0451022580013003,41.1489505244960014
365,Sarıyer Yeni Mahalle Caddesi 2,Sarıyer Yeni Mahalle Caddes,YOL ÜSTÜ,YOL ÜSTÜ,11,08:00-18:00,SARIYER,29.0571458406927015,41.1683574279245974
366,Prof.Cemil Birsel Yokuşu 2,Prof.Dr.Cemil Birsel Caddes,YOL ÜSTÜ,YOL ÜSTÜ,30,07:00-18:00,FATİH,28.9669846680079992,41.0178777370334018
367,Ragıp Gümüşpala Otobüs Parkı 1,Ragıp Gümüşpala Caddesi (Otobüs Parkı,YOL ÜSTÜ,YOL ÜSTÜ,40,07:00-18:00,FATİH,28.9659351292733014,41.019148503706802
368,Yalı Köşkü Caddesi 3,Yalı Köşkü Caddes,YOL ÜSTÜ,YOL ÜSTÜ,100,07:00-22:00,FATİH,28.9748812096850017,41.0162466134027994
369,Kartal Hürriyet Caddesi 5,Kartal Hürriyet Caddes,YOL ÜSTÜ,YOL ÜSTÜ,30,08:00-18:00,KARTAL,29.1897473088794008,40.8892287355551005
370,Şehit Mithat Yılmaz caddesi 1,Şehit Mithat Yılmaz caddes,YOL ÜSTÜ,YOL ÜSTÜ,16,08:00-18:00,SARIYER,29.0562210057433994,41.1684967829079014
371,Beşiktaş Kadastro Önü 1,Beşiktaş Kadastro Ön,YOL ÜSTÜ,YOL ÜSTÜ,20,08:00-18:00,BEŞİKTAŞ,29.0076809868127015,41.050337007292903
372,Ptt Önü 1,Kadiköy Rıhtım Ptt Ön,YOL ÜSTÜ,YOL ÜSTÜ,20,08:00-23:00,KADIKÖY,29.0218714396602984,40.9895526989773984
373,Ptt Önü 2,Kadiköy Rıhtım Ptt Ön,YOL ÜSTÜ,YOL ÜSTÜ,20,08:00-23:00,KADIKÖY,29.0220790891938982,40.9897455795631984
374,Misbah Sokak 2,Misbah Soka,YOL ÜSTÜ,YOL ÜSTÜ,21,08:00-23:00,KADIKÖY,29.0226187709134003,40.9889517661482969
375,Dr.Adnan Adıvar Caddesi,Dr.Adnan Adıvar Caddes,YOL ÜSTÜ,YOL ÜSTÜ,15,08:00-18:00,FATİH,28.9453142465176008,41.0082714239796999
376,Ataşehir Bulvarı 16,Ataşehir Bulvar,YOL ÜSTÜ,YOL ÜSTÜ,25,08:00-18:00,ATAŞEHİR,29.1270089149474991,40.9916657738708992
377,Fevzipaşa Caddesi 16,Fevzipaşa Caddes,YOL ÜSTÜ,YOL ÜSTÜ,30,08:00-19:00,FATİH,28.9460944396040993,41.0212281492918009
378,Fevzipaşa Caddesi 18,Fevzipaşa Caddes,YOL ÜSTÜ,YOL ÜSTÜ,30,08:00-19:00,FATİH,28.9441623852089016,41.0226581030482009
379,Arap Camii Açık Otoparkı,Arap Camii Açık Otopark,AÇIK OTOPARK,AÇIK OTOPARK,30,08:00-18:00,BEYOĞLU,28.9723189204819995,41.022650273499103
380,19 Mayıs Caddesi 4,19 Mayıs Caddes,YOL ÜSTÜ,YOL ÜSTÜ,40,09:00-19:00,PENDİK,29.2317049497702008,40.8773561202221032
381,Bebek Açık,Bebek Açı,AÇIK OTOPARK,AÇIK OTOPARK,35,24 Saat,BEŞİKTAŞ,29.0434974035412985,41.0768657533187991
382,Küçük Çamlıca,Küçük Çamlıc,AÇIK OTOPARK,AÇIK OTOPARK,80,07:00-22:00,ÜSKÜDAR,29.0660661745633,41.0204396264325979
383,Akdeniz Caddesi 1,Akdeniz Caddes,YOL ÜSTÜ,YOL ÜSTÜ,25,08:00-19:00,FATİH,28.9428804306775014,41.0169754516483991
384,Dumlupınar Caddesi 5,Dumlupınar Caddes,YOL ÜSTÜ,YOL ÜSTÜ,50,09:00-19:00,BAHÇELİEVLER,28.8401277755686998,40.9923047206350972
385,Dumlupınar Caddesi 8,Dumlupınar Caddes,YOL ÜSTÜ,YOL ÜSTÜ,60,09:00-19:00,BAHÇELİEVLER,28.8428014033612996,40.9921183451896027
386,Zeytinburnu 58. Bulvar 5,Zeytinburnu 58. Bulva,YOL ÜSTÜ,YOL ÜSTÜ,30,09:00-19:00,ZEYTİNBURNU,28.9036999624106983,40.9907770798343023
387,Bayrampaşa Numunebağı Caddesi 6,Bayrampaşa Numunebağı Caddes,YOL ÜSTÜ,YOL ÜSTÜ,50,08:00-18:00,BAYRAMPAŞA,28.9127101404422007,41.0351621954738022
388,Eyüp Pierloti Caddesi 1,Eyüp Pierloti Caddes,YOL ÜSTÜ,YOL ÜSTÜ,40,08:00-00:00,EYÜP,28.9330016712335016,41.054155294107602
389,Salih Paşa Caddesi 5,Salih Paşa Caddes,YOL ÜSTÜ,YOL ÜSTÜ,30,08:00-19:00,GAZİOSMANPAŞA,28.9106710816922003,41.0546931123353005
390,Kasım Sokak 4,Güngören Kasım Soka,YOL ÜSTÜ,YOL ÜSTÜ,50,08:00-19:00,GÜNGÖREN,28.8884969630552995,41.0096961201846
391,Sabancı Öğretmen Evi Önü 2,Sabancı Öğretmen Evi Ön,YOL ÜSTÜ,YOL ÜSTÜ,27,09:00-20:00,BEYKOZ,29.0655296671000016,41.079681057285903
392,Sabancı Öğretmen Evi Önü 5,Sabancı Öğretmen Evi Ön,YOL ÜSTÜ,YOL ÜSTÜ,27,09:00-20:00,BEYKOZ,29.066995123730301,41.0811701377321015
393,Yeşilköy Marina 5,Yeşilköy Marin,YOL ÜSTÜ,YOL ÜSTÜ,150,08:00-00:00,BAKIRKÖY,28.8215463493894006,40.9559679050793974
394,Yeşilköy İstanbul Caddesi 1,Yeşilköy İstanbul Caddes,YOL ÜSTÜ,YOL ÜSTÜ,33,08:00-18:00,BAKIRKÖY,28.8347753164507985,40.9591366124615988
395,Röne Park Önü 1,Röne Park Ön,YOL ÜSTÜ,YOL ÜSTÜ,50,08:00-00:00,BAKIRKÖY,28.8320057062455994,40.957746816546603
396,Atatürk Caddesi 5,Silivri Atatürk Caddes,YOL ÜSTÜ,YOL ÜSTÜ,90,09:00-23:00,SİLİVRİ,28.2437775310631984,41.0728908985170023
397,Bakırköy Açık Otoparkı 2,Bakırköy Açı,AÇIK OTOPARK,AÇIK OTOPARK,40,24 Saat,BAKIRKÖY,28.8756888962706988,40.9833651460066974
398,Emirgan Korusu,Emirgan Korus,AÇIK OTOPARK,AÇIK OTOPARK,300,06:00-23:00,SARIYER,29.0528048310173013,41.108572176351899
399,Yıldız Korusu,Yıldız Korus,AÇIK OTOPARK,AÇIK OTOPARK,500,08:00-21:00,BEŞİKTAŞ,29.0151175016762011,41.0479460489626007
400,Balmumcu Açık,Balmumcu Açı,AÇIK OTOPARK,AÇIK OTOPARK,140,24 Saat,BEŞİKTAŞ,29.0106517214342006,41.0620415953330991
401,Cihangir Katlı Otoparkı,Cihangir Katl,KAPALI OTOPARK,KAPALI OTOPARK,350,24 Saat,BEYOĞLU,28.9858067091949003,41.031848812571198
402,Feshane P+R Açık Otoparkı,Feshane P+R Açık Otopark,AÇIK OTOPARK,AÇIK OTOPARK,200,24 Saat,EYÜP,28.9376096544913999,41.0463266665969968
403,Merter Metro P+R,Merter Metro P+,AÇIK OTOPARK,AÇIK OTOPARK,300,07:00-23:00,GÜNGÖREN,28.8957323177918006,41.007335531114002
404,Kutlugün Sokak 2,Kutlugün Soka,YOL ÜSTÜ,YOL ÜSTÜ,200,08:00-02:00,FATİH,28.9801221695723008,41.0060662554232991
405,Bostancı İdo ve Adalar İskelesi Önü Taksi Durağı,Bostancı İdo ve Adalar İskelesi Önü Taksi Durağ,TAKSİ PARK,TAKSİ PARK,16,07:00-22:00,KADIKÖY,29.0937899011629,40.9525260737510024
406,Çayır Çimen Sokak 1,Çayır Çimen Soka,YOL ÜSTÜ,YOL ÜSTÜ,30,06:45-18:00,BEŞİKTAŞ,29.013330511088899,41.0791599999505976
407,Dere Sokak,Dere Soka,YOL ÜSTÜ,YOL ÜSTÜ,15,08:00-19:00,ŞİŞLİ,28.9884407223112994,41.0576280525267023
408,Güneş Sokak Çıkmazı 1,Güneş Sokak Çıkmaz,YOL ÜSTÜ,YOL ÜSTÜ,40,07:00-18:00,BEŞİKTAŞ,29.0076827710813987,41.0869371830020995
409,Bezmialem Vakıf Üniversitesi Tıp Fakültesi 1,Bezmialem Vakıf Üniversitesi Tıp Fakültes,AÇIK OTOPARK,AÇIK OTOPARK,891,24 Saat,FATİH,28.9359945103418994,41.0191610500848967
410,Üsküdar İdo İskelesi Önü,Üsküdar İdo İskelesi Önü Taksi Durağ,TAKSİ PARK,TAKSİ PARK,15,07:00-23:00,ÜSKÜDAR,29.0157958008130983,41.0276314801728006
411,Poyrazlı Sokak 1,Poyrazlı Soka,YOL ÜSTÜ,YOL ÜSTÜ,50,08:00-18:00,GÜNGÖREN,28.8886644044538983,41.0092817416347017
412,Savaş Caddesi 2,Savaş Caddes,YOL ÜSTÜ,YOL ÜSTÜ,40,08:00-18:00,GÜNGÖREN,28.8871244683281994,41.0132750503728971
413,Sabiha Gökçen P+R,Sabiha Gökçen P+,AÇIK OTOPARK,AÇIK OTOPARK,1020,24 Saat,PENDİK,29.3097666298130015,40.9239043724582032
414,Bakırköy İdo Açık Otoparkı,Bakırköy İdo İskelesi Ön,AÇIK OTOPARK,AÇIK OTOPARK,1000,24 Saat,BAKIRKÖY,28.8760957794940012,40.9739344805187002
415,Cihangir Katlı Otoparkı,Cihangir Katl,KAPALI OTOPARK,KAPALI OTOPARK,350,24 Saat,BEYOĞLU,28.9858072178951005,41.0318403687611024
416,Çınar Hotel Önü 1,Çınar Hotel Ön,YOL ÜSTÜ,YOL ÜSTÜ,60,08:00-00:00,BAKIRKÖY,28.8359615614258011,40.9594606909610022
417,Ümraniye Dr. Fazıl Küçük Caddesi 2,Ümraniye Dr. Fazıl Küçük Caddes,YOL ÜSTÜ,YOL ÜSTÜ,24,08:00-17:00,ÜMRANİYE,29.1128138853195004,41.0268348367626032
418,Vakıf Gureba Yolu Taksi Durağı,Vakıf Gureba Yolu Taksi Durağ,TAKSİ PARK,TAKSİ PARK,25,07:00-18:00,FATİH,28.9344420587789983,41.0205390163689003
419,Maçka Caddesi Teleferik Önü 1,Maçka Caddesi Teleferik Ön,YOL ÜSTÜ,YOL ÜSTÜ,29,08:00-00:00,ŞİŞLİ,28.9946406656580997,41.0444411862410021
420,İkinci Keskin Kalem Sokak 1,İkinci Keskin Kalem Soka,YOL ÜSTÜ,YOL ÜSTÜ,40,07:00-17:00,ŞİŞLİ,29.0066447854042018,41.0695869114390035
421,Menekşe Plajı Açık Otoparkı,Menekşe Plaj,AÇIK OTOPARK,AÇIK OTOPARK,200,24 Saat,BAKIRKÖY,28.7766741822375991,40.9762380109001967
422,Bomanti Protestan Mezarlığı Yanı 2,Bomanti Protestan Mezarlığı Yan,YOL ÜSTÜ,YOL ÜSTÜ,20,08:00-18:00,ŞİŞLİ,28.9852128888074994,41.0554310167960992
423,Darülbedai Caddesi 2,Darülbedai Caddes,YOL ÜSTÜ,YOL ÜSTÜ,40,08:00-00:00,ŞİŞLİ,28.9900544661335005,41.0488647497194989
424,Küçük Ayasofya Caddesi,Küçük Ayasofya Caddes,YOL ÜSTÜ,YOL ÜSTÜ,50,08:00-18:00,FATİH,28.972624618407,41.0030519001839977
425,Maltepe Minibüs Durağı,Maltepe Minibüs Peronlar,MİNİBÜS PARK,MİNİBÜS PARK,100,07:00-21:00,MALTEPE,29.1309171011266983,40.9177237422950029
426,Sabiha Gökçen P+R,Sabiha Gökçen P+,AÇIK OTOPARK,AÇIK OTOPARK,1020,24 Saat,PENDİK,29.3097030759629007,40.9241984627225008
427,Rumeli Hisar Önü Açık Otoparkı,Rumeli Hisar Ön,AÇIK OTOPARK,AÇIK OTOPARK,70,24 Saat,SARIYER,29.0565955638885001,41.0853921591459965
428,Münir Nurettin Selçuk Caddesi 7,Münir Nurettin Selçuk Caddes,YOL ÜSTÜ,YOL ÜSTÜ,35,09:00-18:00,KADIKÖY,29.0399001332711997,40.9789159557947968
429,Yıldıray Çınar Sokak 1,Yıldıray Çınar Soka,YOL ÜSTÜ,YOL ÜSTÜ,80,05:45-16:00,BÜYÜKÇEKMECE,28.6236955672731987,41.0216146636318015
430,Akasyalı Sokak Tenis Clübü Önü 5,Akasyalı Sokak Tenis Clübü Ön,YOL ÜSTÜ,YOL ÜSTÜ,64,08:00-18:00,BEŞİKTAŞ,29.0111027811793996,41.0865178336972008
431,Seyit Nizam  Caddesi 1,Seyit Nizam  Caddes,YOL ÜSTÜ,YOL ÜSTÜ,100,08:00-18:00,ZEYTİNBURNU,28.9073251636242006,41.0042713555296032
432,Eski Büyükdere Caddesi 2,Eski Büyükdere Caddes,YOL ÜSTÜ,YOL ÜSTÜ,30,08:00-19:00,KAĞITHANE,29.0060223719673012,41.0888734566837996
433,Fişekhane Caddesi 1,Fişekhane Caddes,YOL ÜSTÜ,YOL ÜSTÜ,40,08:00-19:00,BAKIRKÖY,28.8692529442041987,40.9779952200221018
434,Ataköy Atrium AVM,Ataköy Atriu,AÇIK OTOPARK,AÇIK OTOPARK,250,24 Saat,BAKIRKÖY,28.8458602191435993,40.9881280422327023
435,Kartal Üsküdar Caddesi 4,Kartal Üsküdar Caddes,YOL ÜSTÜ,YOL ÜSTÜ,60,08:00-18:00,KARTAL,29.1829468497314011,40.8891892455183026
436,Ulu Camii Açık Otoparkı,Ulu Cami Açık Otopark,AÇIK OTOPARK,AÇIK OTOPARK,150,24 Saat,BAHÇELİEVLER,28.8500430885043002,40.9980205259426
437,Ümraniye Dr. Fazıl Küçük Caddesi 3,Ümraniye Dr. Fazıl Küçük Caddes,YOL ÜSTÜ,YOL ÜSTÜ,24,08:00-17:00,ÜMRANİYE,29.1130204154137004,41.0265242342661978
438,Ragıp Gümüşpala Cad.(Sobacılar Önü),Rapıp Gümüşpala Cad.(Sobacılar Önü,YOL ÜSTÜ,YOL ÜSTÜ,40,07:00-18:00,FATİH,28.968970958568999,41.0181316171222008
439,Kartal Köprüsü Kavşağı P+R,Kartal Köprüsü Kavşağı  P+,AÇIK OTOPARK,AÇIK OTOPARK,135,06:00-17:00,KARTAL,29.2065034041447014,40.9074954125338976
440,Esenler Menderes Metro İstasyonu Yanı,Esenler Menderes Metro İstasyonu Yan,AÇIK OTOPARK,AÇIK OTOPARK,120,24 Saat,ESENLER,28.8782581686973998,41.0426463543093973
441,Beşiktaş Emirhan Caddesi 1,Beşiktaş Emirhan Caddes,YOL ÜSTÜ,YOL ÜSTÜ,80,07:30-18:00,BEŞİKTAŞ,29.0090131759644017,41.0571555793897005
442,B-37 Mecidiyeköy - Topkapı Minibüs Durağı,B-37 Mecidiyeköy - Topkapı Minibüs Durağ,MİNİBÜS PARK,MİNİBÜS PARK,20,24 Saat,ŞİŞLİ,28.9944483990920006,41.0669312938775022
443,TRT Önü Açık Otoparkı,TRT Önü Açık Otopar,AÇIK OTOPARK,AÇIK OTOPARK,130,24 Saat,BEYOĞLU,28.9746046067958005,41.0325906779250005
444,Beyoğlu Tepebaşı Katlı Otoparkı,Beyoğlu Tepebaşı Katlı Otopark,KAPALI OTOPARK,KAPALI OTOPARK,1005,24 Saat,BEYOĞLU,28.9743643999100016,41.0319095316963001
445,Gençtürk Caddesi 3,Gençtürk Caddes,YOL ÜSTÜ,YOL ÜSTÜ,50,08:00-18:00,FATİH,28.9553904533386017,41.0111430658191978
446,Süleyman Seba Caddesi 2,Süleyman Seba Caddes,YOL ÜSTÜ,YOL ÜSTÜ,25,08:00-19:00,BEŞİKTAŞ,28.9998185634613002,41.0425775730041025
447,Çekmeköy Çavuşbaşı Caddesi 4,Çekmeköy Çavuşbaşı Caddes,YOL ÜSTÜ,YOL ÜSTÜ,50,08:00-19:00,ÇEKMEKÖY,29.1728974457384993,41.0310263554402965
448,Nadide Sokak 2,Nadide Soka,YOL ÜSTÜ,YOL ÜSTÜ,45,08:00-18:00,GÜNGÖREN,28.8917613424352986,41.0081589877100967
449,Yayla Sanat Merkezi Önü,Yayla Sanat Merkezi Açık Otopark,AÇIK OTOPARK,AÇIK OTOPARK,300,24 Saat,MALTEPE,29.1234683990479013,40.9262729760591029
450,Bostancı Vergi Dairesi Açık Otoparkı,Bostancı Vergi Dairesi Açık Otopark,AÇIK OTOPARK,AÇIK OTOPARK,105,07:00-20:00,ATAŞEHİR,29.1080598103621995,40.9625103489262017
451,Çırpıcı Metro Taksi Durağı,Çırpıcı Mertro Taksi Durağ,TAKSİ PARK,TAKSİ PARK,10,07:00-17:00,ZEYTİNBURNU,28.890492054616999,41.001666245677697
452,A-15 Topkapı-Arnavutköy Minibüs Durağı,A-15 Topkapı-Arnavutköy Minibüs Durağ,MİNİBÜS PARK,MİNİBÜS PARK,193,07:00-23:00,ZEYTİNBURNU,29.3251541088730008,40.9326996800137977
453,Darüşşafaka Yeraltı Otoparkı,Darüşşafaka Yer Altı Otopark,KAPALI OTOPARK,KAPALI OTOPARK,150,24 Saat,SARIYER,29.025246298554201,41.129280189922298
454,Bülent Ecevit Kültür Merkezi Açık Otoparkı,Bülent Ecevit Kültür Merkezi Açık Otopark,AÇIK OTOPARK,AÇIK OTOPARK,277,09:00-19:00,KARTAL,29.1970226168633005,40.8854435978407977
455,Yenikapı Spor ve Kültür Merkezi Açık Otoparkı 2,Yenikapı Spor ve Kültür Merkez,AÇIK OTOPARK,AÇIK OTOPARK,1100,24 Saat,FATİH,28.9513848768404998,41.0006952624921013
456,Karaköy Azapkapı,Karaköy Azapkap,AÇIK OTOPARK,AÇIK OTOPARK,100,08:00-19:00,BEYOĞLU,28.969099582042201,41.0255038632928972
457,Cengiz Topel Yer Altı Katlı Otoparkı,Cengiz Topel  Yer Altı Katlı Otopark,KAPALI OTOPARK,KAPALI OTOPARK,144,24 Saat,ESENLER,28.8643401861191009,41.0590445975741005
458,Mehmet Özgün Minibüs Peronları,Mehmet Özgün Minübüs Peronlar,MİNİBÜS PARK,MİNİBÜS PARK,100,07:00-21:00,PENDİK,29.3268173933028997,40.9361253348448031
459,Fatih Çeşme Açık Otoparkı,Fatih Çeşmesi Açık Otopark,AÇIK OTOPARK,AÇIK OTOPARK,250,06:00-20:00,SARIYER,28.9462872053287015,41.1689930956829002
460,Gürpınar Balık Hali Otoparkı,Gürpınar Balık Hali Otopark,AÇIK OTOPARK,AÇIK OTOPARK,1000,24 Saat,BEYLİKDÜZÜ,28.6021495433250017,40.967281847746797
461,Beykoz Sosyal Tesisleri 1,Beykoz Sosyal Tesisler,AÇIK OTOPARK,AÇIK OTOPARK,130,07:00-23:00,BEYKOZ,29.0863082384802993,41.1133482084457
462,Dragos Sosyal Tesisleri,Dragos Sosyal Tesisler,AÇIK OTOPARK,AÇIK OTOPARK,100,07:00-22:00,KARTAL,29.1455644369125011,40.9017349898225007
463,Florya Sosyal Tesisleri,Florya Sosyal Tesisler Otopark,AÇIK OTOPARK,AÇIK OTOPARK,60,24 Saat,BAKIRKÖY,28.8091778755187988,40.9616551934753019
464,Beykoz Sosyal Tesisleri 2,Beykoz Sosyal Tesisler,AÇIK OTOPARK,AÇIK OTOPARK,130,08:00-00:00,BEYKOZ,29.086866974830599,41.113616611019502
465,Fatih Akşemsettin Caddesi 3,Fatih Akşemsettin Caddes,YOL ÜSTÜ,YOL ÜSTÜ,30,08:30-19:00,FATİH,28.9422261714934983,41.0207480160179969
466,Mecidiyeköy Oğuz Sokak 1,Mecidiyeköy Oğuz Soka,YOL ÜSTÜ,YOL ÜSTÜ,20,08:00-18:30,ŞİŞLİ,29.0003281831741013,41.0678599725148032
467,Langa Bostanları Açık Otoparkı,Langa Bostanları Açık Otopark,AÇIK OTOPARK,AÇIK OTOPARK,30,09:00-20:00,FATİH,28.9502950997056985,41.0064298428524978
468,Alibeyköy Cep Otogarı P+R,Alibeyköy Cep Otogarı P+,AÇIK OTOPARK,AÇIK OTOPARK,88,24 Saat,EYÜP,28.9422369003296005,41.0878908883406027
469,Avni Akyol Bulvarı 1,Avni Akyol Bulvar,YOL ÜSTÜ,YOL ÜSTÜ,25,09:00-19:00,BAŞAKŞEHİR,28.6895692413112009,41.0722613570856012
470,Avni Akyol Bulvarı 6,Avni Akyol Bulvar,YOL ÜSTÜ,YOL ÜSTÜ,25,09:00-19:00,BAŞAKŞEHİR,28.6866684168192982,41.0701683773031974
471,Bahçeşehir Gölet Açık Otoparkı,Bahçeşehir Gölet Açık Otopark,AÇIK OTOPARK,AÇIK OTOPARK,110,10:00-22:00,BAŞAKŞEHİR,28.6901833336488004,41.0720313711542033
472,Altunizade Aksoy Sokak 1,Altunizade Aksoy Soka,YOL ÜSTÜ,YOL ÜSTÜ,30,08:00-19:00,ÜSKÜDAR,29.0381473302841009,41.0207864653849015
473,Adnan Kahveci Metro Açık Otoparkı,Adnan Kahveci Metro Açık Otopark,AÇIK OTOPARK,AÇIK OTOPARK,40,09:00-19:00,PENDİK,29.2274093627930007,40.8949918336493994
474,Pendik Tavşantepe Metro Taksi Durağı,Pendik Tavşantepe Metro Taksi Durağ,TAKSİ PARK,TAKSİ PARK,4,07:00-23:00,PENDİK,29.2463586947418008,40.8824787217601013
475,Esenler Adem Baştürk Kültür Merkezi Katlı,Esenler Adem Baştürk Kültür Merkezi Katl,KAPALI OTOPARK,KAPALI OTOPARK,1000,24 Saat,ESENLER,28.8850841259699997,41.0386915858544015
476,Bostancı İdo Karşısı Açık Otopark 2,Bostancı İdo Karşısı Açık Otopar,AÇIK OTOPARK,AÇIK OTOPARK,84,24 Saat,KADIKÖY,29.0956429728045016,40.9527243666533991
477,Süleymaniye Cami Altı Açık Otoparkı,Süleymaniye Cami Altı Açık Otopark,AÇIK OTOPARK,AÇIK OTOPARK,250,06:30-19:00,FATİH,28.9610775272874008,41.0158234443331011
478,Harbiye Cumhuriyet Caddesi Yol Üstü Otoparkı 6,Harbiye Cumhuriyet Caddesi Yol Üstü Otopark,YOL ÜSTÜ,YOL ÜSTÜ,25,08:00-18:00,ŞİŞLİ,28.9864147002029,41.0422046978908028
479,Pendik Tavşantepe P+R Açık Otoparkı,Pendik Tavşantepe P+R Açık Otopark,AÇIK OTOPARK,AÇIK OTOPARK,430,06:00-17:00,PENDİK,29.248609542846701,40.8829229906037028
480,Uzunçayır P+R,Uzunçayır P+,AÇIK OTOPARK,AÇIK OTOPARK,150,06:00-20:00,KADIKÖY,29.0581760322200005,40.9987457065130982
481,Beylikdüzü Atatürk Bulvarı Açık Otoparkı,Beylikdüzü Atatürk Bulvarı Açık Otopark,AÇIK OTOPARK,AÇIK OTOPARK,70,08:00-22:00,BEYLİKDÜZÜ,28.6452767927199012,41.0136924097990985
482,Dr.Fahri Atabey Caddesi 6,Üsküdar Dr.Fahri Atabey Caddes,YOL ÜSTÜ,YOL ÜSTÜ,32,08:00-18:00,ÜSKÜDAR,29.0192251680891999,41.019224266852703
483,Pendik Yenimahalle Yolüstü Otoparkı 1,Pendik Yenimahalle Yolüstü Otopark,YOL ÜSTÜ,YOL ÜSTÜ,50,07:00-17:00,PENDİK,29.2725482583045995,40.8635599856539997
484,İcadiye Açık Otoparkı,İcadiye Açık Otopark,AÇIK OTOPARK,AÇIK OTOPARK,135,07:00-18:00,ÜSKÜDAR,29.0419989824295008,41.0256774465564007
485,Kadıköy Söğütlüçeşme Açık Otoparkı,Kadıköy Söğütlüçeşme Açık Otopark,AÇIK OTOPARK,AÇIK OTOPARK,230,24 Saat,KADIKÖY,29.0388810520837986,40.9920378972667976
486,Muallim Naci Açık Otoparkı,Muallim Naci Açık Otopark,AÇIK OTOPARK,AÇIK OTOPARK,35,24 Saat,BEŞİKTAŞ,29.0342713198596982,41.0561629020505023
487,Alibeyköy Yeşiltepe Zemin Altı Otoparkı,Alibeyköy Yeşiltepe Zemin Altı Otopark,KAPALI OTOPARK,KAPALI OTOPARK,159,24 Saat,EYÜP,28.9384609099211012,41.0793200794338986
488,Bağcılar Demirkapı Zemin Altı Otoparkı,Bağcılar Demirkapı Zemin Altı Otopark,KAPALI OTOPARK,KAPALI OTOPARK,343,24 Saat,BAĞCILAR,28.8327430659808996,41.0500841320560994
489,Metrocity Önü 2,Metro City Ön,YOL ÜSTÜ,YOL ÜSTÜ,15,08:00-19:00,ŞİŞLİ,29.0140462905126988,41.0765585312392005
490,Haseki Caddesi 2,Haseki Caddes,YOL ÜSTÜ,YOL ÜSTÜ,15,07:30-18:00,FATİH,28.9448494359921007,41.0092644388704031
491,Avcılar İdo,Avcılar İd,AÇIK OTOPARK,AÇIK OTOPARK,400,24 Saat,AVCILAR,28.7185068976158,40.9711954866656995
492,Öğretmen Evi,Öğretmen Ev,AÇIK OTOPARK,AÇIK OTOPARK,80,14:00-23:00,AVCILAR,28.7141136765324987,40.9722402335860991
493,Yenikapı Tünel Üstü Açık Otoparkı,Yenikapı Tünel Üstü Açık Otopark,AÇIK OTOPARK,AÇIK OTOPARK,700,24 Saat,FATİH,28.9541480604320007,41.0024963152020021
494,Kadıköy Metro 2 Açık Otoparkı,Kadıköy Metro 2 Açık Otopark,AÇIK OTOPARK,AÇIK OTOPARK,100,24 Saat,KADIKÖY,29.0209376126923004,40.9890176665049992
495,Kağıthane Harmantepe Zemin Altı Otoparkı,Kağıthane Harmantepe Zemin Altı Otopark,KAPALI OTOPARK,KAPALI OTOPARK,200,24 Saat,KAĞITHANE,28.9902319255484002,41.0808491059675021
496,Esenler Menderes Parkı Zemin Altı Otoparkı,Esenler Menderes Parkı Zemin Altı Otopark,KAPALI OTOPARK,KAPALI OTOPARK,316,24 Saat,ESENLER,28.8730288299591002,41.041336432035898
497,Kayaşehir Meydan Zemin Altı Otoparkı,Kayaşehir Meydan Zemin Altı Otopark,KAPALI OTOPARK,KAPALI OTOPARK,1054,24 Saat,BAŞAKŞEHİR,-99,-99
498,Pendik Yenişehir Mustafa Akyol Sokak 3,Pendik Yenişehir Mustafa Akyol Soka,YOL ÜSTÜ,YOL ÜSTÜ,115,08:00-19:00,PENDİK,29.3075452199772997,40.9274782476241015
499,Azapkapı Haliç Metro Otoparkı,Azapkapı Haliç Metro Otopark,AÇIK OTOPARK,AÇIK OTOPARK,130,24 Saat,ŞİŞLİ,28.9692861856161983,41.0245045808553996
500,Mecidiyeköy Açık Otoparkı,Mecidiyeköy Açık Otopark,AÇIK OTOPARK,AÇIK OTOPARK,250,08:00-22:00,ŞİŞLİ,28.9972854501447017,41.065020295369699
501,Eyüpsultan Akşemsettin Mahallesi Zemin Altı Otoparkı,Eyüpsultan Akşemsettin Mahallesi Zemin Altı Otopark,KAPALI OTOPARK,KAPALI OTOPARK,110,24 Saat,EYÜP,28.9258415975184988,41.0850632353534024
502,Küçükyalı P+R,Küçükyalı P+,AÇIK OTOPARK,AÇIK OTOPARK,150,07:00-18:00,MALTEPE,29.1224876895442009,40.9499442353789007
503,Kadıköy Yekta Sokak Göztepe E 5 Yanı 2,Kadıköy Yekta Sokak Göztepe E 5 Yan,YOL ÜSTÜ,YOL ÜSTÜ,48,07:00-17:30,KADIKÖY,29.0760080437173016,40.990366080308597
504,Eyüp Silahtarağa Açık Otoparkı,Eyüp Silahtarağa Açık Otopark,AÇIK OTOPARK,AÇIK OTOPARK,350,24 Saat,EYÜP,28.9414952399063985,41.0648623184836978
505,Halkalı Caddesi 4,Halkalı Caddes,YOL ÜSTÜ,YOL ÜSTÜ,20,24 Saat,KÜÇÜKÇEKMECE,28.7975759954352988,41.0046815574756991
506,Suadiye Sahil Açık Otoparkı,Suadiye Sahil Açık  Otopark,AÇIK OTOPARK,AÇIK OTOPARK,104,24 Saat,KADIKÖY,29.0798844247311017,40.9559993823039008
507,Üsküdar Marmaray Minibüs Taksi Dolmuş Depolama Alanı,Üsküdar Marmaray Minibüs Taksi Dolmuş Depolama Alan,MİNİBÜS PARK,MİNİBÜS PARK,30,07:00-22:00,ÜSKÜDAR,29.0109457999173017,41.0257189209385018
508,Gazi Osman Paşa Zemin Altı Otoparkı,Gazi Osman Paşa Zemin Altı Otopark,KAPALI OTOPARK,KAPALI OTOPARK,231,24 Saat,GAZİOSMANPAŞA,28.8855357846905001,41.0794060220006969
509,Beykoz Sahil Cep Otoparkı,Beykoz Sahil Cep Otopark,AÇIK OTOPARK,AÇIK OTOPARK,100,08:00-00:00,BEYKOZ,29.0947677660433008,41.1294191839174985
510,Rumeli Hisarı Sahil Yolu,Rumeli Hisarı Sahil Yol,YOL ÜSTÜ,YOL ÜSTÜ,20,08:00-00:00,SARIYER,29.0568270908247008,41.0853956845786001
511,Kadıköy Kurbağalıdere Caddesi,Kurbağalıdere Caddes,YOL ÜSTÜ,YOL ÜSTÜ,38,08:00-19:00,KADIKÖY,29.0368977032110998,40.9941242630298035
512,Bakırköy Sahil Cep Otoparkı,Bakırköy Sahil Cep Otopark,YOL ÜSTÜ,YOL ÜSTÜ,40,08:00-20:00,BAKIRKÖY,28.878166379687201,40.9747865771188984
513,Beyoğlu Gazhane Bostan Sokak 1,Beyoğlu Gazhane Bostan Soka,YOL ÜSTÜ,YOL ÜSTÜ,35,08:00-19:00,BEYOĞLU,28.990100598005899,41.0388109562502024
514,Vali Konağı Caddesi 2,Şişli Vali Konağı Caddes,YOL ÜSTÜ,YOL ÜSTÜ,50,08:00-19:00,ŞİŞLİ,28.9881290395756004,41.0490102115612032
515,Vali Konağı Caddesi 3,Şişli Vali Konağı Caddes,YOL ÜSTÜ,YOL ÜSTÜ,50,08:00-19:00,ŞİŞLİ,28.9957386934589003,41.0553295330498997
516,Teşvikiye Cami 1,Şişli Teşvikiye Caddes,YOL ÜSTÜ,YOL ÜSTÜ,25,08:00-19:00,ŞİŞLİ,28.9940455551800014,41.049092346691701
517,Amerikan Hastanesi 1,Amerikan Hastanes,YOL ÜSTÜ,YOL ÜSTÜ,30,08:00-19:00,ŞİŞLİ,28.9948535895409982,41.0534362386512015
518,Maçka Caddesi 5,Şişli Maçka Caddes,YOL ÜSTÜ,YOL ÜSTÜ,50,08:00-00:00,ŞİŞLİ,28.9943077445934989,41.0467187710567032
519,Ergenekon Caddesi 1,Şişli Ergenekon Caddes,YOL ÜSTÜ,YOL ÜSTÜ,40,08:00-18:00,ŞİŞLİ,28.9833408981725995,41.0531409577011033
520,Abide-i Hürriyet Caddesi 2,Abide-i Hürriyet Caddes,YOL ÜSTÜ,YOL ÜSTÜ,30,08:00-19:00,ŞİŞLİ,28.9875766283329988,41.0634023645540012
521,Abide-i Hürriyet Caddesi 7,Abide-i Hürriyet Caddes,YOL ÜSTÜ,YOL ÜSTÜ,40,08:00-19:00,ŞİŞLİ,28.986746514947999,41.059852459639103
522,Ortaklar Caddesi 1,Mecidiyeköy Ortaklar Caddes,YOL ÜSTÜ,YOL ÜSTÜ,22,08:00-18:00,ŞİŞLİ,28.9969765624134013,41.0637431718002972
523,Müselles Sokak 1,Müselles Soka,YOL ÜSTÜ,YOL ÜSTÜ,40,07:00-17:00,ŞİŞLİ,29.0121220901558985,41.0679820267951001
524,Ortabahçe Caddesi 2,Ortabahçe Caddes,YOL ÜSTÜ,YOL ÜSTÜ,35,08:00-18:00,BEŞİKTAŞ,29.0042855532419992,41.0428391706898026
525,Prof.Dr.Ahmet Kemal Aru Caddesi 4,Prof.Dr.Ahmet Kemal Aru Caddes,YOL ÜSTÜ,YOL ÜSTÜ,40,06:45-18:00,BEŞİKTAŞ,29.0135379540576004,41.0810493592642985
526,Bosna Bulvarı 1,Ümraniye Bosna Bulvar,YOL ÜSTÜ,YOL ÜSTÜ,35,08:00-19:00,ÜMRANİYE,29.0847131609917007,41.0247992416910989
527,Selvi Sokak 1,Selvi Soka,YOL ÜSTÜ,YOL ÜSTÜ,45,08:00-18:00,BEŞİKTAŞ,29.0082733010954001,41.0862668875675965
528,Pendik Yenimahalle Yolüstü Otoparkı 4,Pendik Yenimahalle Yolüstü Otopark,YOL ÜSTÜ,YOL ÜSTÜ,50,07:00-17:00,PENDİK,29.2722747349235988,40.8642165945946019
529,Okçu Musa 2,Okçu Musa Caddes,YOL ÜSTÜ,YOL ÜSTÜ,40,08:00-18:00,BEYOĞLU,28.971710111918501,41.0265093265643017
530,Voyvoda 3,Voyvoda Caddes,YOL ÜSTÜ,YOL ÜSTÜ,20,08:00-18:00,BEYOĞLU,28.9739947639642992,41.0237861417733995
531,Karaköy Meydan,Karaköy Meyda,YOL ÜSTÜ,YOL ÜSTÜ,16,08:00-18:00,BEYOĞLU,28.9753086281979009,41.0232014282902995
532,Poyraz Yol Üstü 5,Poyraz Yol Üst,YOL ÜSTÜ,YOL ÜSTÜ,40,08:00-18:00,KADIKÖY,29.0404352967453008,40.992056580501
533,Ataşehir Bulvarı 4,Ataşehir Bulvar,YOL ÜSTÜ,YOL ÜSTÜ,25,08:00-18:00,ATAŞEHİR,29.1173448206252985,40.9924151622938027
534,Aşiyan 2,Bebek Sahil Yol,YOL ÜSTÜ,YOL ÜSTÜ,16,08:00-00:00,BEŞİKTAŞ,29.0570080224903009,41.0845829102999005
535,Çarşı Çıkışı,Bebek Arnavutköy Caddes,YOL ÜSTÜ,YOL ÜSTÜ,15,08:00-00:00,BEŞİKTAŞ,29.0427219374845009,41.067207746761099
536,İmç Önü 3,İm,YOL ÜSTÜ,YOL ÜSTÜ,27,08:30-18:30,FATİH,28.9579304410330991,41.0184300606984991
537,Sarıyer Yeni Mahalle Caddesi 1,Sarıyer Yeni Mahalle Caddes,YOL ÜSTÜ,YOL ÜSTÜ,11,08:00-18:00,SARIYER,29.0571344725735017,41.168106809492798
538,Ragıp Gümüşpala Camii Önü 1,Ragıp Gümüşpala Caddesi (Camii Önü,YOL ÜSTÜ,YOL ÜSTÜ,29,08:00-18:00,FATİH,28.9627611692393003,41.0210329467796981
539,Ragıp Gümüşpala Otobüs Parkı 2,Ragıp Gümüşpala Caddesi (Otobüs Parkı,YOL ÜSTÜ,YOL ÜSTÜ,40,07:00-18:00,FATİH,28.9648529296531017,41.0197027080730976
540,Kepenekçi Yokuşu-Odun Kapısı Yokuşu 1,Kepenekçi Yokuşu Sokak-Odun Kapısı Yokuşu Soka,YOL ÜSTÜ,YOL ÜSTÜ,30,07:00-18:00,FATİH,28.966274177889499,41.0170711100845011
541,Kazım Özalp Sokak 2,Kazım Özalp Soka,YOL ÜSTÜ,YOL ÜSTÜ,40,09:00-20:00,KADIKÖY,29.0734358893680991,40.9597530676995021
542,Kazım Özalp Sokak 6,Kazım Özalp Soka,YOL ÜSTÜ,YOL ÜSTÜ,50,09:00-20:00,KADIKÖY,29.0757523169727001,40.9619986013638027
543,Sirkeci Gar Önü 1,Sirkeci Gar Ön,AÇIK OTOPARK,AÇIK OTOPARK,60,07:00-20:00,FATİH,28.9761848988207014,41.0149750931268997
544,Çatalçeşme 1,Çatalçeşme Soka,YOL ÜSTÜ,YOL ÜSTÜ,50,08:00-18:00,FATİH,28.9757619228639989,41.0092770406124032
545,İmran Öktem Yol Üstü Otoparkı 1,İmran Öktem Yol Üstü Otopark,YOL ÜSTÜ,YOL ÜSTÜ,75,07:00-22:00,FATİH,28.9736426936004996,41.006688280694398
546,İmran Öktem Yol Üstü Otoparkı 2,İmran Öktem Yol Üstü Otopark,YOL ÜSTÜ,YOL ÜSTÜ,75,07:00-22:00,FATİH,28.9742397548511015,41.0073048410607015
547,Cihannuma Yol Üstü 1,Cihannuma Yol Üstü Otopark,YOL ÜSTÜ,YOL ÜSTÜ,50,08:00-23:00,BEŞİKTAŞ,29.0096090651442005,41.0495730252424025
548,Pendik Lokman Hekim Caddesi 3,Pendik Lokman Hekim Caddes,YOL ÜSTÜ,YOL ÜSTÜ,25,09:00-19:00,PENDİK,29.2354831095072996,40.8788748019956003
549,Ortaköy Portakal Yokuşu 1,Beşiktaş Portakal Yokuş,YOL ÜSTÜ,YOL ÜSTÜ,15,08:00-23:00,BEŞİKTAŞ,29.0268364548682989,41.0506123615080014
550,Pierre Loti Caddesi 1,Pierloti Caddes,YOL ÜSTÜ,YOL ÜSTÜ,37,07:00-18:00,FATİH,28.9693755641987991,41.0053282462690021
551,Pierre Loti Caddesi 2,Pierloti Caddes,YOL ÜSTÜ,YOL ÜSTÜ,37,07:00-18:00,FATİH,28.9691095103395995,41.0055183589376
552,Hayriye Tüccariye Caddesi 1,Hayriye Tüccariye Caddes,YOL ÜSTÜ,YOL ÜSTÜ,35,08:00-18:00,FATİH,28.956721865189099,41.0070789327206029
553,İstinye 7 ( Spor Alanı ),İstinye Caddes,YOL ÜSTÜ,YOL ÜSTÜ,30,08:00-18:00,SARIYER,29.0573328407997984,41.1150621149252018
554,Ataşehir Bulvarı 14,Ataşehir Bulvar,YOL ÜSTÜ,YOL ÜSTÜ,20,08:00-18:00,ATAŞEHİR,29.1178984788888009,40.9924426745312971
555,Fevzipaşa Caddesi 2,Fevzipaşa Caddes,YOL ÜSTÜ,YOL ÜSTÜ,25,08:00-19:00,FATİH,28.9515428392274998,41.0161469758954027
556,Akdeniz Caddesi 3,Akdeniz Caddes,YOL ÜSTÜ,YOL ÜSTÜ,25,08:00-19:00,FATİH,28.9456943855409996,41.0187221516126002
557,Etyemez Tekkesi Sokak 1,Etyemez Tekkesi Soka,YOL ÜSTÜ,YOL ÜSTÜ,59,08:00-17:00,FATİH,28.9367854918418992,41.0029286139092974
558,Etyemez Tekkesi Sokak 4,Etyemez Tekkesi Soka,YOL ÜSTÜ,YOL ÜSTÜ,59,08:00-17:00,FATİH,28.9363190590962986,41.0043557409346988
559,Bakırköy İstanbul Caddesi 3,Bakırköy İstanbul Caddes,YOL ÜSTÜ,YOL ÜSTÜ,70,08:00-19:00,BAKIRKÖY,28.8759572046034982,40.9784725236021998
560,Bakırköy İstanbul Caddesi 7,Bakırköy İstanbul Caddes,YOL ÜSTÜ,YOL ÜSTÜ,30,08:00-19:00,BAKIRKÖY,28.878549847203999,40.9786184164183993
561,Zeytinburnu 58. Bulvar 2,Zeytinburnu 58. Bulva,YOL ÜSTÜ,YOL ÜSTÜ,48,09:00-19:00,ZEYTİNBURNU,28.9038349137749009,40.9933790428898988
562,Bayrampaşa Abdi İpekçi Caddesi 2,Bayrampaşa Abdi İpekçi Caddes,YOL ÜSTÜ,YOL ÜSTÜ,30,08:00-18:00,BAYRAMPAŞA,28.9120675804557017,41.0367913479225024
563,Bayrampaşa Abdi İpekçi Caddesi 5,Bayrampaşa Abdi İpekçi Caddes,YOL ÜSTÜ,YOL ÜSTÜ,30,08:00-18:00,BAYRAMPAŞA,28.9119276715414983,41.0343075331104004
564,Pendik Sahil İdo Açık Otoparkı,Pendik Sahil İd,AÇIK OTOPARK,AÇIK OTOPARK,100,24 Saat,PENDİK,29.2360525373367004,40.8754208126874019
565,Meclis-i Mebusan Yokuşu 2,Meclis-i Mebusan Yokuş,YOL ÜSTÜ,YOL ÜSTÜ,30,09:00-18:00,BEYOĞLU,28.9883828811802999,41.032347902633397
566,Kıztaşı Caddesi 1,Kıztaşı Caddes,YOL ÜSTÜ,YOL ÜSTÜ,40,08:30-19:00,FATİH,28.9508989539950008,41.0161540163621012
567,Kıztaşı Caddesi 2,Kıztaşı Caddes,YOL ÜSTÜ,YOL ÜSTÜ,40,08:30-19:00,FATİH,28.9505164926742999,41.0156996990425995
568,Kasım Sokak 1,Güngören Kasım Soka,YOL ÜSTÜ,YOL ÜSTÜ,50,08:00-19:00,GÜNGÖREN,28.8856404202596018,41.009035703378899
569,Sabancı Öğretmen Evi Önü 4,Sabancı Öğretmen Evi Ön,YOL ÜSTÜ,YOL ÜSTÜ,27,09:00-20:00,BEYKOZ,29.0659158204734993,41.0802467042585988
570,Yeşilköy Marina 1,Yeşilköy Marin,YOL ÜSTÜ,YOL ÜSTÜ,145,08:00-00:00,BAKIRKÖY,28.8231093953212003,40.9575323782276968
571,Yeşilköy Marina 2,Yeşilköy Marin,YOL ÜSTÜ,YOL ÜSTÜ,85,12:00-00:00,BAKIRKÖY,28.8223157132699015,40.9571367972732006
572,Yeşilköy Marina 8,Yeşilköy Marin,YOL ÜSTÜ,YOL ÜSTÜ,100,08:00-00:00,BAKIRKÖY,28.8212454401269014,40.9551893023393987
573,Şişli Kadırgalar Caddesi 1,Şişli Kadırgalar Caddes,YOL ÜSTÜ,YOL ÜSTÜ,100,08:00-00:00,ŞİŞLİ,28.992838857199299,41.0430165649705003
574,Reşitapaşa Caddesi 2,Reşitpaşa Caddes,YOL ÜSTÜ,YOL ÜSTÜ,45,08:30-17:30,AVCILAR,28.7182958832553012,40.9806119149018997
575,Reşitapaşa Caddesi 3,Reşitpaşa Caddes,YOL ÜSTÜ,YOL ÜSTÜ,45,08:30-17:30,AVCILAR,28.7170529967408008,40.9808495339875023
576,Öğretmen Evi,Öğretmen Ev,AÇIK OTOPARK,AÇIK OTOPARK,80,24 Saat,AVCILAR,28.7141700769064983,40.9722162402042969
577,Gürpınar Yolu Caddesi 5,Gürpınar Yolu Caddes,YOL ÜSTÜ,YOL ÜSTÜ,40,08:00-18:00,BEYLİKDÜZÜ,28.6272524390683998,41.0175083222788004
578,Pendik Ankara Caddesi 1,Pendik Ankara Caddes,YOL ÜSTÜ,YOL ÜSTÜ,26,08:00-19:00,PENDİK,29.2358771524679995,40.8770379866723985
579,Pendik 23 Nisan Caddesi 2,Pendik 23 Nisan Caddes,YOL ÜSTÜ,YOL ÜSTÜ,40,08:00-19:00,PENDİK,29.2356051982498002,40.8777044044947004
580,Mercan Açık,Mercan Açı,AÇIK OTOPARK,AÇIK OTOPARK,250,24 Saat,FATİH,28.9669545730465998,41.0135639487422026
581,Avcılar İdo,Avcılar İd,AÇIK OTOPARK,AÇIK OTOPARK,400,08:00-00:00,AVCILAR,28.7184655666350999,40.971230902175698
582,İ.M.P Önü 1,İ.M.P Ön,AÇIK OTOPARK,AÇIK OTOPARK,200,08:00-05:00,BEYOĞLU,28.9746605563356994,41.0317898000128025
583,Kozyatağı Sebze-Meyve Hali,Kozyatağı Sebze-Meyve Hal,AÇIK OTOPARK,AÇIK OTOPARK,1500,24 Saat,ATAŞEHİR,29.1029469575331987,40.9784842970080021
584,İçerenköy Açık Otoparkı 1,İçerenköy Açık Otopark,AÇIK OTOPARK,AÇIK OTOPARK,600,24 Saat,ATAŞEHİR,29.1045454144477986,40.9765973901075
585,Fatih Katlı Otoparkı,Fatih Katlı Otopark,KAPALI OTOPARK,KAPALI OTOPARK,118,24 Saat,FATİH,28.9396082449958989,41.0197435806677007
586,Büyükçamlıca Korusu Sosyal Tesisleri Önü,Büyük Çamlıca Korusu Sosyal Tesisleri Ön,AÇIK OTOPARK,AÇIK OTOPARK,230,08:00-00:00,ÜSKÜDAR,29.0697805222363996,41.0264293643872975
587,Yenikapı İdo Taksi Durağı,Yenikapı İdo Taksi Durağ,TAKSİ PARK,TAKSİ PARK,40,07:00-15:00,FATİH,28.9567286974396012,41.0035037300783998
588,Çengelköy Açık Otoparkı,Çengelköy Açık Otopark,AÇIK OTOPARK,AÇIK OTOPARK,426,24 Saat,ÜSKÜDAR,29.0534689592082991,41.0484355994512029
589,Seyrantepe Katlı (Arena Karşısı) 1,Seyrantepe Katlı (Arena Karşısı,KAPALI OTOPARK,KAPALI OTOPARK,2288,24 Saat,KAĞITHANE,28.9958238392616003,41.1003970701057
590,Kalamış Fener Caddesi 3,Kalamış Fener Caddes,YOL ÜSTÜ,YOL ÜSTÜ,14,09:00-19:00,KADIKÖY,29.0389906353270995,40.971310010744098
591,Ortaköy Açık,Ortaköy Açı,AÇIK OTOPARK,AÇIK OTOPARK,200,24 Saat,BEŞİKTAŞ,29.0328891015863988,41.0505565333187974
592,Yeşilköy Fener Caddesi 1,Yeşilköy Fener Caddes,YOL ÜSTÜ,YOL ÜSTÜ,62,08:00-00:00,BAKIRKÖY,28.8383866669788986,40.9591566955502984
593,Vakıf Gureba 1,Bezmialem Vakıf Üniversitesi Tıp Fakültes,AÇIK OTOPARK,AÇIK OTOPARK,891,24 Saat,FATİH,28.9359039352217984,41.0193036255988019
594,Mercan Açık,Mercan Açı,AÇIK OTOPARK,AÇIK OTOPARK,250,08:00-23:00,FATİH,28.9669249484166009,41.0135496488886986
595,Hacı Osman Taksi Durağı,Hacı Osman Taksi Durağ,TAKSİ PARK,TAKSİ PARK,11,07:00-23:00,SARIYER,29.0310359120677006,41.1401459367951006
596,Marmara Üniversitesi Pendik Eğitim ve Araştırma Hastanesi Önü Taksi Durağı,Marmara Üniversitesi Pendik Eğitim Ve Araştırma Hastanesi Önü Taksi Durağ,TAKSİ PARK,TAKSİ PARK,25,08:00-16:00,PENDİK,29.2613853102990014,40.8867233210850998
597,Söğütlüçeşme Metrobüs Önü Taksi,Söğütlüçeşme Metrobüs Önü Taksi Durağ,TAKSİ PARK,TAKSİ PARK,50,07:00-22:00,KADIKÖY,29.0378072000819998,40.9923949144964013
598,Beşiktaş Halk Pazarı 2,Beşiktaş Halk Pazar,KAPALI OTOPARK,KAPALI OTOPARK,200,24 Saat,BEŞİKTAŞ,29.0005231475345013,41.0497226732138003
599,Güneş Plajı 2,Güneş Plajı ,AÇIK OTOPARK,AÇIK OTOPARK,1000,08:00-20:00,BAKIRKÖY,28.7868871782098985,40.9726998561912978
600,Şehit Volkan Duysak Katlı Otoparkı,Şehit Volkan Duysak Katlı Otopark,KAPALI OTOPARK,KAPALI OTOPARK,1000,24 Saat,ZEYTİNBURNU,28.9042881614357015,40.9965469007855035
601,Vatan Caddesi Migros Önü Açık,Vatan Migros Migros Ön,AÇIK OTOPARK,AÇIK OTOPARK,300,24 Saat,FATİH,28.9404453838822988,41.0160067137112989
602,Ümraniye Dr. Fazıl Küçük Caddesi 1,Ümraniye Dr. Fazıl Küçük Caddes,YOL ÜSTÜ,YOL ÜSTÜ,24,08:00-17:00,ÜMRANİYE,29.1126836778506011,41.0270178416350007
603,Cadde Bostan Açık Otoparkı,Caddebostan Açık Otopark,AÇIK OTOPARK,AÇIK OTOPARK,66,24 Saat,KADIKÖY,29.0674847149869997,40.9637113280426988
604,Çiroz Yeşilköy Halk Pazarı,Çiroz Yeşilköy Halk Pazar,AÇIK OTOPARK,AÇIK OTOPARK,500,07:00-19:00,BAKIRKÖY,28.8129177050205989,40.9628491559777999
605,Gençler Caddesi 1,Gençler Caddes,YOL ÜSTÜ,YOL ÜSTÜ,35,08:00-19:00,BAKIRKÖY,28.8693382177047013,40.9802074031903985
606,Hacıosman Metro Yer Altı Otoparkı,Hacıosman Metro Yer Altı Otopark,KAPALI OTOPARK,KAPALI OTOPARK,422,24 Saat,SARIYER,29.0311587123172998,41.140231425401403
607,Kartal Sahil Açık Otoparkı,Kartal Sahil Açık Otopark,AÇIK OTOPARK,AÇIK OTOPARK,72,24 Saat,KARTAL,29.1901910305023016,40.8873314555860006
608,Fatih Su Yolu Sokak 3,Fatih Su Yolu Soka,YOL ÜSTÜ,YOL ÜSTÜ,40,08:00-22:00,FATİH,28.9536236525007986,41.0169435273394001
609,Feshane P+R Açık Otoparkı,Feshane P+R Açık Otopark,AÇIK OTOPARK,AÇIK OTOPARK,200,24 Saat,EYÜP,28.9376582135679996,41.0462634409544975
610,Fatih Uzunçarşı Caddesi 1,Fatih Uzun Çarşı Caddes,YOL ÜSTÜ,YOL ÜSTÜ,30,07:00-18:00,FATİH,28.9674655449747007,41.0154166485642975
611,Maslak P+R 1,Maslak P+,AÇIK OTOPARK,AÇIK OTOPARK,150,24 Saat,SARIYER,29.0240537687652989,41.1165326748409967
612,Beykoz Fevzipaşa Caddesi 1,Beykoz Fevzi Paşa Caddes,YOL ÜSTÜ,YOL ÜSTÜ,22,09:00-18:00,BEYKOZ,29.091585464854699,41.1346004332963986
613,Münir Nurettin Selçuk Caddesi 5,Münir Nurettin Selçuk Caddes,YOL ÜSTÜ,YOL ÜSTÜ,30,09:00-18:00,KADIKÖY,29.0390889901222984,40.9799663298908996
614,Münir Nurettin Selçuk Caddesi 6,Münir Nurettin Selçuk Caddes,YOL ÜSTÜ,YOL ÜSTÜ,40,09:00-18:00,KADIKÖY,29.0391678819179013,40.9798145995933965
615,Münir Nurettin Selçuk Caddesi 13,Münir Nurettin Selçuk Caddes,YOL ÜSTÜ,YOL ÜSTÜ,30,09:00-18:00,KADIKÖY,29.0397486433706007,40.9791355272160018
616,Kadıköy Metro Açık Otoparkı,Kadıköy Metro Açık Otopark,AÇIK OTOPARK,AÇIK OTOPARK,60,24 Saat,KADIKÖY,29.0216182101664018,40.9899183509650982
617,Gazi Umur Paşa Sokak 5,Gazi Umur Paşa Soka,YOL ÜSTÜ,YOL ÜSTÜ,45,08:00-18:00,BEŞİKTAŞ,29.0114568326649014,41.059010653778202
618,Sütlüce Miniatürk Yanı 1,Sütlüce Miniatürk Yan,AÇIK OTOPARK,AÇIK OTOPARK,320,24 Saat,BEYOĞLU,28.9499804001294017,41.0570907959868023
619,Sütlüce Miniatürk Yanı 2,Sütlüce Miniatürk Yan,AÇIK OTOPARK,AÇIK OTOPARK,320,24 Saat,BEYOĞLU,28.9499257153103002,41.0570670441396004
620,4.Levent P+R Açık Otoparkı,4.Levent P+R Açık Otopark,AÇIK OTOPARK,AÇIK OTOPARK,950,24 Saat,KAĞITHANE,29.0081091758835008,41.0835896015816999
621,Fişekhane Caddesi 2,Fişekhane Caddes,YOL ÜSTÜ,YOL ÜSTÜ,40,08:00-19:00,BAKIRKÖY,28.8700321405273996,40.9780745209189021
622,Süleymaniye Cami Altı Açık Otoparkı,Süleymaniye Cami Altı Açık Otopark,AÇIK OTOPARK,AÇIK OTOPARK,250,06:30-19:00,FATİH,28.9608539005371988,41.0160491429123013
623,Eyüp İstanbul Caddesi 1,Eyüp İstanbul Caddes,YOL ÜSTÜ,YOL ÜSTÜ,40,09:00-19:00,EYÜP,28.8834084558234991,41.1793733766853975
624,Eyüp İstanbul Caddesi 3,Eyüp İstanbul Caddes,YOL ÜSTÜ,YOL ÜSTÜ,40,09:00-19:00,EYÜP,28.8844409943034997,41.1783602003272975
625,Eyüp İstanbul Caddesi 5,Eyüp İstanbul Caddes,YOL ÜSTÜ,YOL ÜSTÜ,40,09:00-19:00,EYÜP,28.8901048441368999,41.1764864031845974
626,Arda Turan Spor Kompleksi Katlı,Arda Turan Spor Kompleksi Katl,KAPALI OTOPARK,KAPALI OTOPARK,500,24 Saat,BAYRAMPAŞA,28.9061343669891002,41.0389017145617032
627,Büyük Karaman - Haydarbey Caddeleri 1,Büyük Karaman - Haydarbey Caddeler,YOL ÜSTÜ,YOL ÜSTÜ,60,08:30-19:00,FATİH,28.9530799370274003,41.0161345344916981
628,Tacirhane Sokak 1,Tacirhane Soka,YOL ÜSTÜ,YOL ÜSTÜ,30,07:30-18:00,FATİH,28.9667614064155998,41.014224583216297
629,Alibeyköy Cep Otogarı Açık Otoparkı,Alibeyköy Cep Otogarı Açık Otopark,AÇIK OTOPARK,AÇIK OTOPARK,116,24 Saat,EYÜP,28.9445382356643997,41.0877898089065994
630,Alibeyköy Cep Otogarı Açık Otoparkı,Alibeyköy Cep Otogarı Açık Otopark,AÇIK OTOPARK,AÇIK OTOPARK,400,24 Saat,EYÜP,28.9444181129679983,41.0876029931355973
631,Alibeyköy Cep Otogarı Taksi Durağı,Alibeyköy Cep Otogarı Taksi Durağ,TAKSİ PARK,TAKSİ PARK,20,24 Saat,EYÜP,28.9447433064984985,41.0881731777380992
632,Şirinevler Meydan Açık Otoparkı 1,Şirinevler Meydan Açık Otopark,AÇIK OTOPARK,AÇIK OTOPARK,70,08:00-00:00,BAHÇELİEVLER,28.8494378328323009,40.9960143526424972
633,Bahçelievler Hizmet Hastanesi Önü Açık Otoparkı,Bahçeli Evler Hizmet Hastanesi Ön,AÇIK OTOPARK,AÇIK OTOPARK,150,08:00-18:00,BAHÇELİEVLER,28.8798835873603998,41.0011359141163965
634,Muallim Naci Açık Otoparkı,Muallim Naci Açık Otopark,AÇIK OTOPARK,AÇIK OTOPARK,35,24 Saat,BEŞİKTAŞ,29.0341401100159011,41.0557660849203998
635,Soğanlık Metro Açık Otoparkı 2,Soğanlık Metro Açık Otopark,AÇIK OTOPARK,AÇIK OTOPARK,500,24 Saat,KARTAL,29.1926908493041992,40.9132875850979971
636,Aras Sokak 1,Aras Soka,YOL ÜSTÜ,YOL ÜSTÜ,60,05:45-16:00,BÜYÜKÇEKMECE,28.6223217351186001,41.0224907672280992
637,Cevizlibağ Taksi Durağı,Cevizlibağ Taksi Durağ,TAKSİ PARK,TAKSİ PARK,10,07:00-23:00,ZEYTİNBURNU,28.9104485208799993,41.0167801071300033
638,Belgrad Ormanı Bahçeköy Girişi Açık,Belgrad Ormanı Otopark,AÇIK OTOPARK,AÇIK OTOPARK,5000,06:00-20:00,SARIYER,28.9889197599634016,41.1833081634423976
639,Haznedar Yer Altı Otoparkı,Haznedar Yer Altı Otopark,KAPALI OTOPARK,KAPALI OTOPARK,540,24 Saat,GÜNGÖREN,28.8729094095495,41.0083442312323001
640,Maltepe Orhangazi Şehir Parkı Açık Otoparkı 1,Maltepe Orhangazi Şehir Parkı Açık Otopark,AÇIK OTOPARK,AÇIK OTOPARK,2750,24 Saat,MALTEPE,29.1160869598388992,40.9313148438185976
641,Yenikapı Spor ve Kültür Merkezi Açık Otoparkı 1,Yenikapı Spor ve Kültür Merkez,AÇIK OTOPARK,AÇIK OTOPARK,1100,24 Saat,FATİH,28.9513778686523011,41.0003869358982982
642,Pendik Devlet Hastanesi Açık Otoparkı,Pendik Devlet Hastanesi Açık Otopark,AÇIK OTOPARK,AÇIK OTOPARK,124,24 Saat,PENDİK,29.2289006710051993,40.8775184689066009
643,Pendik Devlet Hastanesi Açık Otoparkı.,Pendik Devlet Hastanesi Açık Otopark,AÇIK OTOPARK,AÇIK OTOPARK,124,24 Saat,PENDİK,29.2288416624069001,40.8775428054529968
644,Kadıköy Metro Yol Üstü 1,Kadıköy Metro Yol Üst,YOL ÜSTÜ,YOL ÜSTÜ,25,06:30-23:00,KADIKÖY,29.0218116562849993,40.9904827588531973
645,Harbiye İlkokulu Yer Altı Otoparkı,Harbiye İlkokulu Yer Altı Otopark,KAPALI OTOPARK,KAPALI OTOPARK,110,24 Saat,ŞİŞLİ,28.9850878715514995,41.044549949555801
646,Şehit Murat Demirci Kapalı Otoparkı,Şehit Murat Demirci Kapalı Otopark,KAPALI OTOPARK,KAPALI OTOPARK,110,24 Saat,ŞİŞLİ,28.9943602681160009,41.0590587548931012
647,Dudullu Minibüs Depolama Alanı,Dudullu Minibüs Depolama Alanı / C-70 Bostanc,MİNİBÜS PARK,MİNİBÜS PARK,65,07:00-21:00,ÜMRANİYE,29.1608894931117,41.0157632571067978
648,Yenikapı Marmaray Küçük Otoparkı,Yenikapı Marmaray Küçük Otopark,AÇIK OTOPARK,AÇIK OTOPARK,200,07:00-23:00,FATİH,28.9504444599152002,41.0063845956061002
649,Dr. Adnan Büyük Deniz Caddesi 13,Dr. Adnan Büyükdeniz Caddes,YOL ÜSTÜ,YOL ÜSTÜ,100,07:45-17:00,ÜMRANİYE,29.1183041371015996,41.0329369676500022
650,Dr. Adnan Büyük Deniz Caddesi 14,Dr. Adnan Büyükdeniz Caddes,YOL ÜSTÜ,YOL ÜSTÜ,60,07:45-17:00,ÜMRANİYE,29.1193021979308995,41.0338597859799989
651,Dr. Adnan Büyük Deniz Caddesi 15,Dr. Adnan Büyükdeniz Caddes,YOL ÜSTÜ,YOL ÜSTÜ,45,07:45-17:00,ÜMRANİYE,29.1195714114978017,41.0341904952674028
652,Matbaacılar Sitesi Yanı,Matbaacılar Sitesi Yan,AÇIK OTOPARK,AÇIK OTOPARK,250,24 Saat,ZEYTİNBURNU,28.9185726180047986,41.0235276331245018
653,Çekmeköy Çavuşbaşı Caddesi 3,Çekmeköy Çavuşbaşı Caddes,YOL ÜSTÜ,YOL ÜSTÜ,50,08:00-19:00,ÇEKMEKÖY,29.1727403294819005,41.0306743941619985
654,Nadide Sokak 4,Nadide Soka,YOL ÜSTÜ,YOL ÜSTÜ,45,08:00-18:00,GÜNGÖREN,28.8911461830138983,41.0089025188688012
655,Ümraniye Dr. Fazıl Küçük Caddesi 5,Ümraniye Dr. Fazıl Küçük Caddes,YOL ÜSTÜ,YOL ÜSTÜ,24,08:00-17:00,ÜMRANİYE,29.1125243481899005,41.0269298684413002
656,Hat Boyu Caddesi 1,Hat Boyu Caddes,YOL ÜSTÜ,YOL ÜSTÜ,24,09:00-19:00,PENDİK,29.2338305711746003,40.8801285125299998
657,Unkapanı Açık Otoparkı,Unkapanı Açık Otopark,AÇIK OTOPARK,AÇIK OTOPARK,55,08:00-18:00,FATİH,28.9642008826110988,41.0195899292842014
658,Eminönü Cep Otoparkı,Eminönü Cep Otopark,YOL ÜSTÜ,YOL ÜSTÜ,25,08:00-19:00,FATİH,28.9760904316026995,41.0169576758642975
659,Cevizli Açık Otoparkı,Cevizli Açık Otopark,AÇIK OTOPARK,AÇIK OTOPARK,100,07:00-20:00,KARTAL,29.1711846706992013,40.9179041192046
660,Karaköy Kemankeş Caddesi 1,Karaköy Kemankeş Caddes,YOL ÜSTÜ,YOL ÜSTÜ,45,08:00-00:00,BEYOĞLU,28.978452683787399,41.0234164887299002
661,Fatih Mütercim Asım Caddesi 1,Fatih Mütercim Asım Caddes,YOL ÜSTÜ,YOL ÜSTÜ,45,08:00-19:00,FATİH,28.9443343877792003,41.0219783846295982
662,Ressam Halim Sokak Açık Otoparkı,Ressam Halim Sokak Açık Otopark,AÇIK OTOPARK,AÇIK OTOPARK,120,24 Saat,BAHÇELİEVLER,28.8640917646051989,40.9964748782309982
663,Avni Akyol Bulvarı 4,Avni Akyol Bulvar,YOL ÜSTÜ,YOL ÜSTÜ,25,09:00-19:00,BAŞAKŞEHİR,28.688715819675501,41.071514138795898
664,19 Mayıs Açık,19 Mayıs Açı,AÇIK OTOPARK,AÇIK OTOPARK,65,24 Saat,ŞİŞLİ,28.9940804532141989,41.0563334513550018
665,Uzunçayır P+R,Uzunçayır P+,AÇIK OTOPARK,AÇIK OTOPARK,150,24 Saat,KADIKÖY,29.0580600500106989,40.9987432025141985
666,Bahçeşehir Doğa Parkı Caddesi 1,Bahçeşehir Doğa Parkı Caddes,YOL ÜSTÜ,YOL ÜSTÜ,25,09:00-20:00,BAŞAKŞEHİR,28.6911566336690989,41.0673299119546016
667,Bayrampaşa Adapark Katlı Otoparkı,Bayrampaşa Adapark Katlı Otopark,KAPALI OTOPARK,KAPALI OTOPARK,650,24 Saat,BAYRAMPAŞA,28.8872194290160991,41.0641450801524996
668,Merdivenköy Açık Otoparkı,Merdivenköy Açık Otopark,AÇIK OTOPARK,AÇIK OTOPARK,23,08:00-17:00,KADIKÖY,29.0606456995009985,40.9874485122210004
669,1293 Yavuz Selim Otomatik Otoparkı,Yavuz Selim Otomatik Otopark,KAPALI OTOPARK,KAPALI OTOPARK,60,24 Saat,FATİH,28.9529224727736008,41.0232990736502003
670,Şehremini Açık Otoparkı,Şehremini Açık Otopark,AÇIK OTOPARK,AÇIK OTOPARK,30,08:00-19:00,FATİH,28.9333020173580984,41.0134968049432018
671,Bayrampaşa Devlet Hastanesi Cep Otoparkı 1,Bayrampaşa Devlet Hastanesi Cep Otopark,YOL ÜSTÜ,YOL ÜSTÜ,75,08:00-19:00,BAYRAMPAŞA,28.9031956893256989,41.0414957483584004
672,Bayrampaşa Yenidoğan Mahallesi Zemin Altı Otoparkı,Bayrampaşa Yenidoğan Mahallesi Zemin Altı Otopark,KAPALI OTOPARK,KAPALI OTOPARK,120,24 Saat,BAYRAMPAŞA,28.9087543358991006,41.0395060134862035
673,Pendik Sahil İdo,Pendik Sahil İd,AÇIK OTOPARK,AÇIK OTOPARK,100,24 Saat,PENDİK,29.2370238482333988,40.8755235231537029
674,Şirinevler Meydan Zeminaltı Otoparkı,Şirinevler Meydan Zeminaltı Otopark,KAPALI OTOPARK,KAPALI OTOPARK,400,24 Saat,BAHÇELİEVLER,28.8496286819982011,40.9925266902717027
675,Azerbaycan Dostluk Parkı Zemin Altı Otoparkı,Azerbaycan Dostluk Parkı Zemin Altı Otopark,KAPALI OTOPARK,KAPALI OTOPARK,400,24 Saat,BAĞCILAR,28.8539815179886006,41.044321574629798
676,Zeynep Kamil Hastanesi Önü 5,Zeynep Kamil Hastane Ön,YOL ÜSTÜ,YOL ÜSTÜ,39,08:00-17:00,ÜSKÜDAR,29.0252871470443985,41.015537699420797
677,Dr.Fahri Atabey Caddesi 8,Üsküdar Dr.Fahri Atabey Caddes,YOL ÜSTÜ,YOL ÜSTÜ,23,08:00-18:00,ÜSKÜDAR,29.019407421738201,41.0191898475789998
678,Paşalimanı Sosyal Tesis Önü 3,Paşalimanı Sosyal Tesisler Ön,YOL ÜSTÜ,YOL ÜSTÜ,26,07:00-19:00,ÜSKÜDAR,29.0253373575026004,41.0336017768459982
679,Ataşehir Bulvarı 20,Ataşehir Bulvar,YOL ÜSTÜ,YOL ÜSTÜ,22,08:00-18:00,ATAŞEHİR,29.1276947278215985,40.9933479050611993
680,Küçükçekmece Fevzi Çakmak Meydanı Zemin Altı Otoparkı,Küçükçekmece Fevzi Çakmak Meydanı Zemin Altı Otopark,KAPALI OTOPARK,KAPALI OTOPARK,1000,24 Saat,KÜÇÜKÇEKMECE,28.7932531936643983,41.0085446963211027
681,Ümraniye Dr.Adnan Büyükdeniz Caddesi Açık Otoparkı,Ümraniye Dr.Adnan Büyükdeniz Caddesi Açık Otopark,AÇIK OTOPARK,AÇIK OTOPARK,230,06:45-18:00,ÜMRANİYE,29.1118522373458006,41.0320801168968998
682,Bayrampaşa Muzaffer Öztekin Zemin Altı Otoparkı,Bayrampaşa Muzaffer Öztekin Zemin Altı Otopark,KAPALI OTOPARK,KAPALI OTOPARK,400,24 Saat,BAYRAMPAŞA,28.9067765960929002,41.0511236963451012
683,Levent Büyükdere Caddesi 4,Levent Büyükdere Caddes,YOL ÜSTÜ,YOL ÜSTÜ,30,09:00-22:00,BEŞİKTAŞ,-99,-99
684,Emirgan Sahil 7,Emirgan Sahi,YOL ÜSTÜ,YOL ÜSTÜ,15,08:00-00:00,SARIYER,29.0575767708468007,41.1070443369881033
685,Reşitapaşa Caddesi 11,Reşitpaşa Caddes,YOL ÜSTÜ,YOL ÜSTÜ,45,08:30-17:30,AVCILAR,28.7152270465457988,40.9811745900338025
686,Divan Önü 2,Bebek Arnavutköy Caddes,YOL ÜSTÜ,YOL ÜSTÜ,19,08:00-00:00,BEŞİKTAŞ,29.0569322875040008,41.0843327967143992
687,Cevizli Açık Otoparkı,Cevizli Açık Otopark,AÇIK OTOPARK,AÇIK OTOPARK,100,07:00-20:00,KARTAL,29.1711486846135983,40.9179174281845022
688,Başakşehir Metro P+R,Başakşehir Metro P+,AÇIK OTOPARK,AÇIK OTOPARK,125,07:00-18:00,BAŞAKŞEHİR,28.8009291052705017,41.1073715702680005
689,Üsküdar Ünalan Açık P+R,Üsküdar Ünalan Açık P+,AÇIK OTOPARK,AÇIK OTOPARK,180,06:30-19:00,ÜSKÜDAR,29.058794778934999,40.9983481796528011
690,Maçka Açık Otoparkı,Maçka Açık Otopark,AÇIK OTOPARK,AÇIK OTOPARK,110,08:00-20:00,ŞİŞLİ,28.9910309360562017,41.0458173019960029
691,Belgrad Ormanı Kurt Kemeri Girişi Otoparkı,Belgrad Ormanı Kurt Kemeri Girişi Otopark,AÇIK OTOPARK,AÇIK OTOPARK,5000,06:00-00:00,EYÜP,28.9196677863534006,41.1967928344883987
692,Şişli Rumeli Caddesi Metro Yanı 1,Şişli Rumeli Caddesi Metro Yan,YOL ÜSTÜ,YOL ÜSTÜ,45,08:00-00:00,ŞİŞLİ,28.9870563332588986,41.0537351622191977
693,Belgrad Ormanı Kurt Kemeri Girişi Otoparkı,Belgrad Ormanı Kurt Kemeri Girişi Otopark,AÇIK OTOPARK,AÇIK OTOPARK,5000,06:00-00:00,EYÜP,28.9205176741652998,41.1970264007371014
694,Pendik Yenişehir Mustafa Akyol Sokak 2,Pendik Yenişehir Mustafa Akyol Soka,YOL ÜSTÜ,YOL ÜSTÜ,115,08:00-19:00,PENDİK,29.3079115329346997,40.9270358315771006
695,Halkalı Mahallesi Zemin Altı Otoparkı,Halkalı Mahallesi  Zemin Altı Otopark,KAPALI OTOPARK,KAPALI OTOPARK,347,24 Saat,KÜÇÜKÇEKMECE,28.7848154047482012,41.0358298706200983
696,Bülent Ecevit Kültür Merkezi Açık Otoparkı,Bülent Ecevit Kültür Merkezi Açık Otopark,AÇIK OTOPARK,AÇIK OTOPARK,277,09:00-19:00,KARTAL,29.1970078361443015,40.8854464636483002
697,Yamanevler P+R Açık Otoparkı,Yamanevler P+R Açık Otopark,AÇIK OTOPARK,AÇIK OTOPARK,100,08:00-19:00,ÜMRANİYE,29.1056718520820006,41.0260683915104991
698,Pendik Sahil Engelliler Merkez Önü,Pendik Sahil Engelliler Merkez Ön,AÇIK OTOPARK,AÇIK OTOPARK,100,24 Saat,PENDİK,29.2330900330923988,40.8733684846933016
699,Miniatürk Çadır Açık Otoparkı,Miniatürk Çadır Açık Otopark,AÇIK OTOPARK,AÇIK OTOPARK,250,24 Saat,BEYOĞLU,28.9502120388312996,41.0587435307513005
700,Gedikpaşa Açık Otoparkı,Gedikpaşa Açık Otopark,AÇIK OTOPARK,AÇIK OTOPARK,175,24 Saat,FATİH,28.9637096267093987,41.0073123357648015
701,Bayrampaşa Altıntepsi Zemin  Altı Otoparkı,Bayrampaşa Altıntepsi Zemin Altı Otopark,KAPALI OTOPARK,KAPALI OTOPARK,110,24 Saat,BAYRAMPAŞA,28.9067464587186009,41.0382110158252971
702,Ümraniye Toya Sokak 2,Ümraniye Toya Soka,YOL ÜSTÜ,YOL ÜSTÜ,34,07:45-17:00,ÜMRANİYE,29.1150975405449017,41.0261305145799966
703,Ümraniye Toya Sokak 3,Ümraniye Toya Soka,YOL ÜSTÜ,YOL ÜSTÜ,34,07:45-17:00,ÜMRANİYE,29.1151310681575985,41.0260849861270032
704,Ümraniye Okan Sokak Zeminaltı Otoparkı,Ümraniye  Okan Sokak Zeminaltı Otopark,KAPALI OTOPARK,KAPALI OTOPARK,125,24 Saat,ÜMRANİYE,29.0911258695496997,41.0287783376959965
705,Cemal Kamacı Spor Kompleksi Zemin Altı Otoparkı,Cemal Kamacı Spor Kompleksi Zemin Altı Otopark,KAPALI OTOPARK,KAPALI OTOPARK,510,24 Saat,KAĞITHANE,28.9586859011259001,41.0537869010329004
706,İcadiye Açık Otoparkı,İcadiye Açık Otopark,AÇIK OTOPARK,AÇIK OTOPARK,135,07:00-18:00,ÜSKÜDAR,29.0427961631656011,41.0248455789953965
707,Çekmeköy Mimar Sinan Caddesi 3,Çekmeköy Mimar Sinan Caddes,YOL ÜSTÜ,YOL ÜSTÜ,25,08:00-19:00,ÇEKMEKÖY,29.1763980638422993,41.0327008263969972
708,Kalamış Parkı Yol Üstü 2,Kalamış Parkı Yol Üst,YOL ÜSTÜ,YOL ÜSTÜ,25,09:00-19:00,KADIKÖY,29.036449671343501,40.9692532913463978
